1	1	1	O
2	2	2	O
3	3	2	D
4	4	3	O
5	5	3	D
6	6	4	O
7	7	5	O
8	8	6	O
9	9	7	O
10	10	8	O
11	11	8	D
12	12	9	O
13	13	10	O
14	14	11	O
15	15	12	O
16	16	12	D
17	17	13	O
18	18	13	D
19	19	14	O
20	20	15	O
21	21	16	O
22	22	17	O
23	23	17	D
24	24	18	O
25	25	19	O
26	26	20	O
27	27	21	O
28	28	22	O
29	29	23	O
30	30	24	O
31	31	25	O
32	32	26	O
33	33	27	O
36	36	29	O
37	37	29	D
38	38	30	O
39	39	31	O
40	40	32	O
41	41	33	O
42	42	34	O
43	43	35	O
44	44	36	O
45	45	37	O
46	46	38	O
47	47	39	O
48	48	40	O
49	49	41	O
50	50	42	O
51	51	43	O
52	52	44	O
53	53	45	O
55	55	47	O
56	56	48	O
57	57	48	D
58	58	49	O
59	59	50	O
60	60	51	O
61	61	52	O
62	62	53	O
63	63	54	O
64	64	55	O
65	65	56	O
66	66	57	O
67	67	58	O
68	68	59	O
70	70	61	O
71	71	61	D
72	72	62	O
73	73	63	O
74	74	63	D
75	75	64	O
76	76	65	O
77	77	66	O
78	78	67	O
79	79	68	O
80	80	69	O
81	81	70	O
82	82	70	D
83	83	71	O
84	84	71	D
85	85	72	O
86	86	72	D
87	87	73	O
89	89	75	O
90	90	76	O
91	91	77	O
92	92	78	O
93	93	79	O
94	94	80	O
95	95	80	D
96	96	81	O
97	97	82	O
98	98	83	O
99	99	83	D
100	100	84	O
101	101	85	O
102	102	86	O
103	103	86	D
105	105	88	O
106	106	89	O
107	107	90	O
108	108	91	O
110	110	93	O
112	112	95	O
113	113	95	D
114	114	96	O
115	115	96	D
116	116	97	O
117	117	97	D
118	118	98	O
119	119	98	D
120	120	99	O
121	121	100	O
122	122	101	O
123	123	102	O
124	124	103	O
125	125	104	O
126	126	104	D
127	127	105	O
128	128	106	O
129	129	107	O
130	130	108	O
131	131	109	O
132	132	110	O
134	134	112	O
135	135	112	D
136	136	113	O
137	137	114	O
138	138	115	O
139	139	116	O
140	140	116	D
141	141	117	O
142	142	118	O
143	143	119	O
144	144	120	O
145	145	121	O
146	146	122	O
147	147	123	O
148	148	123	D
149	149	124	O
150	150	125	O
151	151	126	O
152	152	127	O
153	153	128	O
154	154	129	O
155	155	129	D
156	156	130	O
157	157	131	O
158	158	132	O
159	159	132	D
160	160	133	O
161	161	134	O
162	162	135	O
163	163	136	O
164	164	137	O
165	165	138	O
166	166	138	D
167	167	139	O
168	168	140	O
169	169	141	O
170	170	141	D
171	171	142	O
172	172	142	D
173	173	143	O
174	174	144	O
175	175	145	O
176	176	146	O
178	178	148	O
179	179	149	O
180	180	150	O
181	181	151	O
182	182	151	D
183	183	152	O
184	184	152	D
185	185	153	O
186	186	154	O
187	187	155	O
188	188	156	O
189	189	157	O
190	190	158	O
191	191	158	D
192	192	159	O
193	193	160	O
194	194	161	O
195	195	162	O
196	196	162	D
197	197	163	O
198	198	164	O
199	199	165	O
200	200	165	D
201	201	166	O
202	202	167	O
203	203	168	O
204	204	168	D
205	205	169	O
206	206	170	O
207	207	171	O
208	208	172	O
209	209	172	D
210	210	173	O
211	211	173	D
212	212	174	O
215	215	176	O
216	216	177	O
217	217	178	O
218	218	179	O
219	219	180	O
221	221	181	O
222	222	182	O
223	223	183	O
224	224	184	O
225	225	185	O
226	226	186	O
227	227	187	O
228	228	188	O
229	229	189	O
230	230	190	O
231	231	191	O
232	232	192	O
233	233	193	O
234	234	193	D
235	235	194	O
236	236	195	O
237	237	195	D
238	238	196	O
239	239	197	O
240	240	198	O
241	241	199	O
242	242	200	O
243	243	201	O
246	246	204	O
247	247	205	O
248	248	206	O
249	249	206	D
250	250	207	O
251	251	208	O
252	252	209	O
253	253	210	O
254	254	211	O
255	255	212	O
256	256	213	O
257	257	214	O
258	258	214	D
259	259	215	O
260	260	215	D
261	261	216	O
262	262	217	O
263	263	218	O
264	264	219	O
265	265	220	O
266	266	221	O
267	267	222	O
268	268	223	O
269	269	224	O
270	270	225	O
271	271	225	D
272	272	226	O
273	273	227	O
274	274	228	O
275	275	229	O
276	276	230	O
277	277	230	D
278	278	231	O
279	279	231	D
280	280	232	O
282	282	234	O
283	283	234	D
284	284	235	O
285	285	236	O
286	286	236	D
287	287	237	O
288	288	238	O
289	289	239	O
290	290	240	O
291	291	240	D
292	292	241	O
293	293	242	O
294	294	243	O
295	295	244	O
296	296	245	O
297	297	246	O
298	298	246	D
300	300	248	O
301	301	249	O
302	302	250	O
303	303	251	O
304	304	252	O
305	305	253	O
308	308	255	O
309	309	256	O
310	310	257	O
311	311	258	O
312	312	259	O
313	313	260	O
314	314	260	D
315	315	261	O
316	316	262	O
317	317	263	O
318	318	264	O
319	319	265	O
320	320	265	D
321	321	266	O
322	322	267	O
323	323	267	D
324	324	268	O
325	325	269	O
326	326	270	O
327	327	270	D
328	328	271	O
329	329	272	O
330	330	273	O
331	331	274	O
332	332	275	O
333	333	276	O
334	334	277	O
335	335	278	O
336	336	279	O
337	337	279	D
338	338	280	O
339	339	281	O
340	340	281	D
341	341	282	O
342	342	282	D
343	343	283	O
344	344	284	O
345	345	285	O
346	346	285	D
347	347	286	O
348	348	286	D
349	349	287	O
350	350	288	O
351	351	289	O
352	352	290	O
353	353	291	O
354	354	292	O
355	355	292	D
356	356	293	O
357	357	293	D
358	358	294	O
359	359	295	O
360	360	296	O
361	361	297	O
362	362	298	O
363	363	298	D
364	364	299	O
365	365	300	O
366	366	300	D
367	367	301	O
368	368	301	D
369	369	302	O
370	370	303	O
371	371	304	O
372	372	305	O
373	373	306	O
374	374	307	O
375	375	308	O
376	376	309	O
378	378	311	O
379	379	311	D
380	380	312	O
381	381	313	O
382	382	313	D
383	383	314	O
384	384	314	D
385	385	315	O
386	386	316	O
387	387	317	O
388	388	318	O
389	389	319	O
390	390	320	O
391	391	321	O
392	392	322	O
393	393	322	D
394	394	323	O
395	395	323	D
396	396	324	O
397	397	325	O
398	398	326	O
399	399	327	O
400	400	328	O
401	401	328	D
402	402	329	O
403	403	330	O
404	404	330	D
405	405	331	O
406	406	332	O
407	407	333	O
408	408	334	O
409	409	335	O
410	410	336	O
411	411	337	O
412	412	337	D
413	413	338	O
414	414	339	O
415	415	339	D
416	416	340	O
417	417	340	D
418	418	341	O
419	419	342	O
420	420	343	O
421	421	344	O
422	422	345	O
423	423	346	O
424	424	347	O
425	425	348	O
426	426	349	O
427	427	349	D
428	428	350	O
429	429	351	O
430	430	352	O
431	431	353	O
432	432	354	O
433	433	355	O
434	434	356	O
435	435	357	O
436	436	358	O
437	437	359	O
438	438	360	O
439	439	361	O
440	440	362	O
441	441	363	O
442	442	364	O
443	443	364	D
444	444	365	O
445	445	366	O
446	446	366	D
447	447	367	O
448	448	368	O
450	450	370	O
451	451	371	O
452	452	372	O
453	453	373	O
454	454	374	O
455	455	375	O
456	456	376	O
457	457	377	O
458	458	378	O
459	459	379	O
461	461	381	O
462	462	382	O
463	463	383	O
464	464	384	O
465	465	385	O
466	466	386	O
467	467	386	D
468	468	387	O
469	469	388	O
470	470	389	O
471	471	390	O
472	472	391	O
473	473	392	O
474	474	393	O
476	476	395	O
477	477	395	D
478	478	396	O
479	479	397	O
480	480	397	D
481	481	398	O
482	482	398	D
483	483	399	O
484	484	400	O
485	485	401	O
486	486	402	O
487	487	403	O
488	488	403	D
489	489	404	O
490	490	405	O
491	491	406	O
492	492	407	O
493	493	408	O
494	494	409	O
495	495	410	O
496	496	411	O
497	497	412	O
498	498	412	D
499	499	413	O
500	500	414	O
501	501	415	O
502	502	416	O
503	503	417	O
504	504	418	O
505	505	419	O
506	506	420	O
507	507	421	O
508	508	422	O
509	509	423	O
510	510	424	O
511	511	425	O
512	512	426	O
513	513	427	O
514	514	427	D
515	515	428	O
516	516	428	D
517	517	429	O
518	518	430	O
519	519	431	O
520	520	432	O
521	521	433	O
522	522	434	O
523	523	435	O
524	524	436	O
525	525	436	D
526	526	437	O
527	527	437	D
528	528	438	O
529	529	439	O
530	530	440	O
531	531	441	O
532	532	441	D
533	533	442	O
534	534	443	O
535	535	444	O
536	536	445	O
537	537	446	O
538	538	447	O
540	540	449	O
541	541	449	D
542	542	450	O
543	543	451	O
544	544	452	O
545	545	453	O
546	546	454	O
547	547	455	O
548	548	456	O
550	550	458	O
551	551	459	O
552	552	460	O
553	553	460	D
554	554	461	O
555	555	461	D
556	556	462	O
557	557	463	O
558	558	464	O
559	559	465	O
560	560	466	O
561	561	467	O
562	562	468	O
563	563	469	O
564	564	469	D
565	565	470	O
566	566	471	O
567	567	471	D
568	568	472	O
569	569	473	O
570	570	474	O
571	571	475	O
572	572	475	D
573	573	476	O
574	574	477	O
575	575	478	O
576	576	478	D
577	577	479	O
578	578	480	O
579	579	481	O
581	581	483	O
582	582	484	O
583	583	485	O
584	584	486	O
585	585	487	O
586	586	487	D
587	587	488	O
588	588	489	O
589	589	490	O
590	590	491	O
591	591	492	O
592	592	493	O
593	593	494	O
596	596	496	O
597	597	497	O
598	598	498	O
599	599	498	D
601	601	500	O
602	602	500	D
603	603	501	O
604	604	502	O
605	605	503	O
606	606	504	O
607	607	505	O
608	608	506	O
609	609	507	O
610	610	508	O
611	611	509	O
612	612	509	D
613	613	510	O
614	614	511	O
615	615	512	O
616	616	513	O
617	617	514	O
618	618	515	O
619	619	516	O
620	620	516	D
621	621	517	O
622	622	518	O
623	623	519	O
624	624	519	D
625	625	520	O
626	626	521	O
627	627	522	O
628	628	522	D
629	629	523	O
630	630	524	O
631	631	525	O
632	632	526	O
633	633	526	D
635	635	528	O
636	636	528	D
637	637	529	O
638	638	530	O
639	639	531	O
640	640	532	O
641	641	533	O
642	642	533	D
643	643	534	O
644	644	535	O
645	645	536	O
646	646	537	O
647	647	537	D
648	648	538	O
649	649	539	O
651	651	540	O
652	652	541	O
653	653	542	O
654	654	543	O
655	655	544	O
656	656	545	O
657	657	546	O
658	658	546	D
659	659	547	O
660	660	548	O
661	661	548	D
662	662	549	O
663	663	550	O
664	664	551	O
665	665	552	O
666	666	553	O
667	667	554	O
668	668	555	O
669	669	556	O
670	670	557	O
671	671	558	O
672	672	559	O
673	673	560	O
674	674	561	O
675	675	562	O
676	676	563	O
677	677	564	O
678	678	565	O
679	679	566	O
680	680	566	D
681	681	567	O
682	682	568	O
683	683	569	O
684	684	570	O
685	685	571	O
686	686	572	O
687	687	572	D
688	688	573	O
689	689	574	O
690	690	575	O
691	691	575	D
692	692	576	O
693	693	576	D
694	694	577	O
695	695	578	O
696	696	578	D
697	697	579	O
698	698	580	O
699	699	581	O
700	700	582	O
702	702	584	O
703	703	585	O
704	704	586	O
705	705	587	O
706	706	588	O
707	707	589	O
708	708	590	O
709	709	591	O
710	710	592	O
711	711	593	O
712	712	594	O
713	713	595	O
714	714	596	O
715	715	597	O
716	716	598	O
717	717	599	O
718	718	599	D
719	719	600	O
720	720	601	O
721	721	602	O
722	722	603	O
723	723	604	O
724	724	605	O
725	725	606	O
726	726	607	O
727	727	608	O
728	728	608	D
729	729	609	O
730	730	609	D
731	731	610	O
732	732	610	D
733	733	611	O
734	734	611	D
735	735	612	O
736	736	612	D
737	737	613	O
738	738	614	O
739	739	615	O
740	740	616	O
741	741	617	O
742	742	618	O
743	743	619	O
744	744	620	O
745	745	621	O
746	746	621	D
747	747	622	O
748	748	623	O
749	749	623	D
750	750	624	O
751	751	625	O
752	752	626	O
753	753	626	D
754	754	627	O
755	755	628	O
756	756	629	O
757	757	630	O
758	758	631	O
759	759	632	O
760	760	633	O
762	762	635	O
763	763	636	O
764	764	637	O
765	765	638	O
766	766	639	O
767	767	639	D
768	768	640	O
769	769	641	O
772	772	643	O
773	773	644	O
774	774	645	O
775	775	646	O
776	776	647	O
777	777	647	D
778	778	648	O
779	779	649	O
780	780	650	O
781	781	651	O
782	782	652	O
783	783	653	O
784	784	653	D
785	785	654	O
786	786	655	O
787	787	656	O
788	788	657	O
789	789	658	O
790	790	659	O
791	791	660	O
793	793	662	O
794	794	662	D
796	796	664	O
797	797	665	O
798	798	666	O
799	799	666	D
803	803	669	O
804	804	669	D
806	806	671	O
807	807	672	O
808	808	673	O
809	809	674	O
810	810	675	O
811	811	675	D
812	812	676	O
813	813	677	O
814	814	678	O
815	815	679	O
816	816	680	O
818	818	682	O
819	819	683	O
820	820	683	D
821	821	684	O
822	822	685	O
823	823	686	O
824	824	687	O
825	825	688	O
826	826	689	O
827	827	690	O
828	828	690	D
829	829	691	O
830	830	692	O
831	831	693	O
832	832	694	O
833	833	695	O
834	834	696	O
835	835	697	O
836	836	697	D
837	837	698	O
838	838	698	D
839	839	699	O
840	840	700	O
841	841	701	O
842	842	702	O
843	843	703	O
844	844	704	O
845	845	704	D
846	846	705	O
847	847	706	O
849	849	708	O
850	850	709	O
851	851	710	O
852	852	710	D
853	853	711	O
854	854	712	O
855	855	713	O
856	856	714	O
857	857	715	O
858	858	716	O
859	859	717	O
860	860	717	D
861	861	718	O
862	862	719	O
863	863	720	O
864	864	721	O
865	865	721	D
866	866	722	O
870	870	725	O
871	871	726	O
872	872	727	O
873	873	728	O
874	874	729	O
875	875	729	D
876	876	730	O
877	877	731	O
878	878	731	D
879	879	732	O
880	880	733	O
881	881	734	O
882	882	735	O
883	883	736	O
884	884	736	D
885	885	737	O
886	886	738	O
887	887	739	O
888	888	740	O
889	889	741	O
890	890	742	O
891	891	743	O
892	892	744	O
893	893	745	O
894	894	746	O
895	895	747	O
896	896	748	O
897	897	748	D
898	898	749	O
899	899	749	D
900	900	750	O
901	901	751	O
902	902	752	O
903	903	753	O
904	904	754	O
905	905	755	O
906	906	756	O
907	907	757	O
908	908	758	O
909	909	759	O
910	910	760	O
911	911	761	O
912	912	762	O
913	913	763	O
914	914	764	O
915	915	765	O
916	916	766	O
917	917	767	O
918	918	768	O
921	921	770	O
922	922	771	O
923	923	771	D
924	924	772	O
925	925	773	O
926	926	774	O
927	927	775	O
928	928	776	O
929	929	777	O
930	930	778	O
931	931	779	O
932	932	780	O
933	933	781	O
934	934	781	D
935	935	782	O
936	936	782	D
937	937	783	O
938	938	784	O
939	939	785	O
940	940	786	O
941	941	787	O
942	942	788	O
943	943	788	D
944	944	789	O
945	945	789	D
946	946	790	O
948	948	791	O
949	949	792	O
950	950	793	O
951	951	793	D
952	952	794	O
953	953	795	O
954	954	796	O
955	955	797	O
956	956	798	O
957	957	799	O
958	958	799	D
959	959	800	O
960	960	801	O
961	961	802	O
962	962	803	O
963	963	804	O
964	964	805	O
965	965	806	O
966	966	806	D
967	967	807	O
968	968	808	O
970	970	809	O
971	971	810	O
972	972	810	D
973	973	811	O
974	974	811	D
975	975	812	O
976	976	813	O
977	977	814	O
978	978	815	O
979	979	815	D
980	980	816	O
981	981	817	O
984	984	819	O
985	985	819	D
986	986	820	O
987	987	821	O
988	988	822	O
989	989	822	D
990	990	823	O
991	991	824	O
992	992	825	O
993	993	826	O
994	994	827	O
995	995	827	D
996	996	828	O
997	997	829	O
998	998	829	D
999	999	830	O
1000	1000	830	D
1001	1001	831	O
1002	1002	832	O
1003	1003	833	O
1004	1004	834	O
1006	1006	836	O
1007	1007	836	D
1008	1008	837	O
1009	1009	838	O
1010	1010	838	D
1011	1011	839	O
1012	1012	840	O
1013	1013	840	D
1014	1014	841	O
1015	1015	842	O
1016	1016	842	D
1017	1017	843	O
1018	1018	844	O
1019	1019	845	O
1020	1020	846	O
1021	1021	847	O
1022	1022	848	O
1023	1023	849	O
1024	1024	850	O
1025	1025	851	O
1026	1026	852	O
1027	1027	853	O
1028	1028	853	D
1029	1029	854	O
1030	1030	855	O
1031	1031	856	O
1032	1032	857	O
1033	1033	857	D
1034	1034	858	O
1035	1035	859	O
1036	1036	859	D
1037	1037	860	O
1038	1038	861	O
1039	1039	862	O
1040	1040	863	O
1041	1041	864	O
1042	1042	865	O
1043	1043	865	D
1044	1044	866	O
1045	1045	867	O
1046	1046	868	O
1047	1047	869	O
1048	1048	870	O
1049	1049	871	O
1050	1050	872	O
1051	1051	873	O
1052	1052	874	O
1053	1053	874	D
1054	1054	875	O
1055	1055	876	O
1056	1056	877	O
1057	1057	878	O
1058	1058	879	O
1059	1059	880	O
1060	1060	880	D
1062	1062	882	O
1063	1063	882	D
1064	1064	883	O
1065	1065	884	O
1066	1066	885	O
1067	1067	886	O
1068	1068	887	O
1069	1069	888	O
1070	1070	888	D
1071	1071	889	O
1072	1072	890	O
1073	1073	891	O
1074	1074	891	D
1075	1075	892	O
1076	1076	893	O
1077	1077	894	O
1078	1078	895	O
1079	1079	896	O
1080	1080	897	O
1081	1081	898	O
1082	1082	899	O
1083	1083	900	O
1084	1084	900	D
1085	1085	901	O
1086	1086	902	O
1087	1087	902	D
1088	1088	903	O
1089	1089	904	O
1090	1090	905	O
1091	1091	906	O
1092	1092	907	O
1093	1093	908	O
1094	1094	909	O
1095	1095	909	D
1096	1096	910	O
1097	1097	910	D
1098	1098	911	O
1099	1099	912	O
1100	1100	913	O
1101	1101	914	O
1102	1102	915	O
1103	1103	916	O
1104	1104	916	D
1105	1105	917	O
1106	1106	917	D
1107	1107	918	O
1108	1108	919	O
1109	1109	920	O
1110	1110	921	O
1111	1111	922	O
1112	1112	923	O
1113	1113	924	O
1114	1114	925	O
1115	1115	926	O
1116	1116	927	O
1117	1117	928	O
1118	1118	928	D
1119	1119	929	O
1120	1120	930	O
1121	1121	931	O
1122	1122	932	O
1123	1123	932	D
1124	1124	933	O
1125	1125	934	O
1126	1126	934	D
1127	1127	935	O
1128	1128	936	O
1129	1129	937	O
1130	1130	938	O
1131	1131	939	O
1132	1132	939	D
1133	1133	940	O
1134	1134	940	D
1135	1135	941	O
1136	1136	942	O
1137	1137	943	O
1138	1138	944	O
1139	1139	944	D
1140	1140	945	O
1141	1141	946	O
1142	1142	947	O
1143	1143	947	D
1145	1145	949	O
1146	1146	950	O
1147	1147	951	O
1148	1148	952	O
1149	1149	953	O
1150	1150	954	O
1151	1151	955	O
1152	1152	956	O
1153	1153	957	O
1154	1154	958	O
1155	1155	958	D
1156	1156	959	O
1157	1157	960	O
1158	1158	961	O
1159	1159	962	O
1160	1160	962	D
1161	1161	963	O
1162	1162	964	O
1163	1163	965	O
1164	1164	966	O
1165	1165	967	O
1166	1166	968	O
1167	1167	968	D
1168	1168	969	O
1169	1169	970	O
1170	1170	971	O
1171	1171	972	O
1172	1172	973	O
1173	1173	973	D
1174	1174	974	O
1175	1175	975	O
1176	1176	975	D
1177	1177	976	O
1178	1178	977	O
1179	1179	978	O
1180	1180	979	O
1181	1181	980	O
1182	1182	981	O
1183	1183	982	O
1186	1186	984	O
1187	1187	985	O
1188	1188	985	D
1189	1189	986	O
1190	1190	987	O
1191	1191	987	D
1192	1192	988	O
1193	1193	989	O
1194	1194	990	O
1195	1195	991	O
1196	1196	992	O
1197	1197	993	O
1198	1198	994	O
1199	1199	995	O
1200	1200	996	O
1201	1201	997	O
1202	1202	998	O
1204	1204	1000	O
1206	1206	1002	O
1207	1207	1003	O
1208	1208	1004	O
1209	1209	1005	O
1210	1210	1006	O
1211	1211	1007	O
1212	1212	1008	O
1213	1213	1009	O
1214	1214	1010	O
1215	1215	1011	O
1216	1216	1012	O
1217	1217	1013	O
1218	1218	1014	O
1219	1219	1015	O
1220	1220	1016	O
1221	1221	1017	O
1222	1222	1018	O
1223	1223	1019	O
1224	1224	1020	O
1225	1225	1021	O
1226	1226	1022	O
1227	1227	1022	D
1228	1228	1023	O
1229	1229	1024	O
1231	1231	1026	O
1232	1232	1026	D
1233	1233	1027	O
1234	1234	1028	O
1235	1235	1028	D
1236	1236	1029	O
1237	1237	1030	O
1238	1238	1031	O
1239	1239	1032	O
1240	1240	1033	O
1241	1241	1034	O
1242	1242	1035	O
1243	1243	1036	O
1244	1244	1037	O
1245	1245	1038	O
1246	1246	1039	O
1247	1247	1039	D
1248	1248	1040	O
1250	1250	1042	O
1251	1251	1043	O
1252	1252	1043	D
1253	1253	1044	O
1254	1254	1045	O
1255	1255	1046	O
1256	1256	1047	O
1257	1257	1048	O
1258	1258	1048	D
1259	1259	1049	O
1260	1260	1050	O
1261	1261	1050	D
1262	1262	1051	O
1263	1263	1051	D
1264	1264	1052	O
1265	1265	1053	O
1266	1266	1054	O
1267	1267	1055	O
1268	1268	1055	D
1269	1269	1056	O
1270	1270	1057	O
1271	1271	1058	O
1272	1272	1059	O
1273	1273	1060	O
1274	1274	1061	O
1275	1275	1062	O
1276	1276	1063	O
1277	1277	1064	O
1278	1278	1065	O
1279	1279	1066	O
1280	1280	1067	O
1281	1281	1067	D
1282	1282	1068	O
1283	1283	1069	O
1284	1284	1069	D
1285	1285	1070	O
1286	1286	1071	O
1287	1287	1072	O
1288	1288	1073	O
1289	1289	1074	O
1290	1290	1075	O
1291	1291	1076	O
1292	1292	1077	O
1293	1293	1078	O
1294	1294	1078	D
1295	1295	1079	O
1296	1296	1080	O
1297	1297	1081	O
1298	1298	1081	D
1299	1299	1082	O
1300	1300	1083	O
1303	1303	1085	O
1304	1304	1086	O
1305	1305	1087	O
1306	1306	1088	O
1307	1307	1089	O
1308	1308	1090	O
1309	1309	1091	O
1310	1310	1092	O
1311	1311	1093	O
1312	1312	1094	O
1313	1313	1095	O
1314	1314	1095	D
1315	1315	1096	O
1316	1316	1097	O
1317	1317	1097	D
1318	1318	1098	O
1321	1321	1100	O
1322	1322	1101	O
1323	1323	1102	O
1324	1324	1103	O
1325	1325	1104	O
1326	1326	1105	O
1327	1327	1106	O
1328	1328	1107	O
1329	1329	1108	O
1330	1330	1109	O
1331	1331	1110	O
1332	1332	1111	O
1333	1333	1112	O
1334	1334	1113	O
1335	1335	1114	O
1336	1336	1114	D
1337	1337	1115	O
1338	1338	1115	D
1339	1339	1116	O
1340	1340	1117	O
1341	1341	1118	O
1343	1343	1120	O
1344	1344	1120	D
1345	1345	1121	O
1346	1346	1122	O
1347	1347	1123	O
1348	1348	1123	D
1349	1349	1124	O
1350	1350	1125	O
1351	1351	1125	D
1352	1352	1126	O
1353	1353	1127	O
1354	1354	1128	O
1355	1355	1129	O
1356	1356	1130	O
1359	1359	1132	O
1360	1360	1132	D
1361	1361	1133	O
1362	1362	1133	D
1363	1363	1134	O
1364	1364	1135	O
1365	1365	1135	D
1366	1366	1136	O
1367	1367	1137	O
1368	1368	1137	D
1369	1369	1138	O
1370	1370	1139	O
1371	1371	1140	O
1372	1372	1141	O
1373	1373	1142	O
1375	1375	1144	O
1376	1376	1145	O
1377	1377	1145	D
1378	1378	1146	O
1379	1379	1146	D
1380	1380	1147	O
1382	1382	1149	O
1383	1383	1150	O
1384	1384	1151	O
1385	1385	1152	O
1386	1386	1152	D
1387	1387	1153	O
1388	1388	1154	O
1389	1389	1155	O
1390	1390	1156	O
1391	1391	1157	O
1392	1392	1158	O
1393	1393	1158	D
1394	1394	1159	O
1395	1395	1159	D
1396	1396	1160	O
1397	1397	1161	O
1401	1401	1164	O
1402	1402	1165	O
1403	1403	1165	D
1404	1404	1166	O
1406	1406	1168	O
1407	1407	1168	D
1408	1408	1169	O
1409	1409	1170	O
1410	1410	1171	O
1411	1411	1171	D
1412	1412	1172	O
1413	1413	1173	O
1414	1414	1174	O
1416	1416	1176	O
1417	1417	1177	O
1418	1418	1178	O
1419	1419	1179	O
1420	1420	1179	D
1421	1421	1180	O
1422	1422	1181	O
1423	1423	1181	D
1424	1424	1182	O
1425	1425	1183	O
1426	1426	1183	D
1427	1427	1184	O
1428	1428	1185	O
1429	1429	1185	D
1430	1430	1186	O
1431	1431	1187	O
1432	1432	1188	O
1433	1433	1189	O
1434	1434	1189	D
1435	1435	1190	O
1438	1438	1192	O
1439	1439	1193	O
1440	1440	1194	O
1441	1441	1195	O
1442	1442	1195	D
1443	1443	1196	O
1444	1444	1196	D
1445	1445	1197	O
1446	1446	1198	O
1447	1447	1198	D
1448	1448	1199	O
1449	1449	1200	O
1450	1450	1201	O
1452	1452	1203	O
1453	1453	1204	O
1454	1454	1205	O
1455	1455	1205	D
1456	1456	1206	O
1457	1457	1206	D
1458	1458	1207	O
1459	1459	1208	O
1460	1460	1209	O
1461	1461	1210	O
1462	1462	1211	O
1463	1463	1212	O
1464	1464	1213	O
1465	1465	1213	D
1466	1466	1214	O
1467	1467	1215	O
1468	1468	1216	O
1469	1469	1217	O
1470	1470	1218	O
1471	1471	1218	D
1472	1472	1219	O
1473	1473	1220	O
1474	1474	1221	O
1475	1475	1222	O
1476	1476	1223	O
1478	1478	1225	O
1479	1479	1226	O
1480	1480	1227	O
1481	1481	1228	O
1482	1482	1229	O
1483	1483	1230	O
1484	1484	1230	D
1485	1485	1231	O
1486	1486	1231	D
1487	1487	1232	O
1488	1488	1233	O
1489	1489	1234	O
1490	1490	1235	O
1491	1491	1236	O
1492	1492	1237	O
1493	1493	1238	O
1494	1494	1238	D
1495	1495	1239	O
1496	1496	1240	O
1497	1497	1241	O
1498	1498	1241	D
1499	1499	1242	O
1500	1500	1243	O
1501	1501	1244	O
1502	1502	1245	O
1503	1503	1246	O
1504	1504	1246	D
1505	1505	1247	O
1506	1506	1248	O
1507	1507	1248	D
1508	1508	1249	O
1509	1509	1250	O
1510	1510	1251	O
1511	1511	1252	O
1512	1512	1253	O
1513	1513	1254	O
1514	1514	1255	O
1516	1516	1256	O
1517	1517	1257	O
1518	1518	1258	O
1519	1519	1258	D
1520	1520	1259	O
1521	1521	1260	O
1522	1522	1261	O
1523	1523	1262	O
1524	1524	1263	O
1525	1525	1264	O
1526	1526	1264	D
1527	1527	1265	O
1528	1528	1266	O
1529	1529	1267	O
1530	1530	1268	O
1531	1531	1269	O
1532	1532	1269	D
1533	1533	1270	O
1534	1534	1271	O
1535	1535	1272	O
1536	1536	1273	O
1537	1537	1274	O
1539	1539	1275	O
1540	1540	1276	O
1541	1541	1276	D
1542	1542	1277	O
1543	1543	1277	D
1546	1546	1279	O
1547	1547	1279	D
1548	1548	1280	O
1549	1549	1280	D
1550	1550	1281	O
1554	1554	1284	O
1555	1555	1285	O
1556	1556	1286	O
1557	1557	1287	O
1558	1558	1288	O
1559	1559	1289	O
1561	1561	1291	O
1562	1562	1291	D
1563	1563	1292	O
1564	1564	1293	O
1565	1565	1294	O
1566	1566	1295	O
1567	1567	1296	O
1568	1568	1296	D
1569	1569	1297	O
1570	1570	1297	D
1571	1571	1298	O
1572	1572	1299	O
1574	1574	1301	O
1575	1575	1302	O
1576	1576	1302	D
1577	1577	1303	O
1578	1578	1304	O
1579	1579	1305	O
1580	1580	1306	O
1581	1581	1307	O
1582	1582	1308	O
1583	1583	1309	O
1584	1584	1310	O
1585	1585	1311	O
1586	1586	1311	D
1587	1587	1312	O
1588	1588	1313	O
1589	1589	1314	O
1590	1590	1315	O
1591	1591	1316	O
1592	1592	1317	O
1593	1593	1317	D
1594	1594	1318	O
1595	1595	1319	O
1596	1596	1320	O
1597	1597	1321	O
1598	1598	1322	O
1599	1599	1323	O
1600	1600	1323	D
1601	1601	1324	O
1602	1602	1324	D
1603	1603	1325	O
1604	1604	1325	D
1605	1605	1326	O
1606	1606	1327	O
1607	1607	1328	O
1608	1608	1329	O
1609	1609	1329	D
1610	1610	1330	O
1611	1611	1331	O
1612	1612	1331	D
1613	1613	1332	O
1614	1614	1333	O
1615	1615	1334	O
1616	1616	1335	O
1617	1617	1336	O
1618	1618	1337	O
1619	1619	1338	O
1620	1620	1338	D
1621	1621	1339	O
1622	1622	1340	O
1623	1623	1341	O
1624	1624	1342	O
1625	1625	1342	D
1628	1628	1344	O
1629	1629	1345	O
1630	1630	1345	D
1631	1631	1346	O
1632	1632	1347	O
1633	1633	1348	O
1634	1634	1348	D
1635	1635	1349	O
1636	1636	1349	D
1637	1637	1350	O
1638	1638	1351	O
1639	1639	1352	O
1640	1640	1353	O
1641	1641	1354	O
1642	1642	1355	O
1643	1643	1356	O
1644	1644	1357	O
1645	1645	1358	O
1646	1646	1359	O
1647	1647	1360	O
1648	1648	1361	O
1649	1649	1361	D
1650	1650	1362	O
1651	1651	1363	O
1653	1653	1365	O
1654	1654	1366	O
1655	1655	1367	O
1656	1656	1368	O
1657	1657	1369	O
1658	1658	1370	O
1659	1659	1371	O
1660	1660	1372	O
1661	1661	1373	O
1662	1662	1374	O
1663	1663	1375	O
1664	1664	1376	O
1665	1665	1376	D
1666	1666	1377	O
1667	1667	1377	D
1668	1668	1378	O
1669	1669	1379	O
1670	1670	1380	O
1671	1671	1381	O
1672	1672	1381	D
1673	1673	1382	O
1674	1674	1383	O
1675	1675	1384	O
1676	1676	1385	O
1677	1677	1385	D
1679	1679	1387	O
1680	1680	1388	O
1681	1681	1389	O
1682	1682	1390	O
1683	1683	1391	O
1684	1684	1391	D
1685	1685	1392	O
1686	1686	1393	O
1687	1687	1393	D
1688	1688	1394	O
1689	1689	1395	O
1690	1690	1396	O
1691	1691	1397	O
1692	1692	1398	O
1693	1693	1399	O
1694	1694	1399	D
1696	1696	1401	O
1697	1697	1402	O
1698	1698	1402	D
1699	1699	1403	O
1700	1700	1404	O
1701	1701	1404	D
1702	1702	1405	O
1703	1703	1406	O
1704	1704	1406	D
1705	1705	1407	O
1706	1706	1407	D
1707	1707	1408	O
1709	1709	1410	O
1710	1710	1411	O
1711	1711	1412	O
1712	1712	1412	D
1713	1713	1413	O
1714	1714	1414	O
1717	1717	1416	O
1718	1718	1417	O
1719	1719	1418	O
1720	1720	1419	O
1721	1721	1419	D
1722	1722	1420	O
1723	1723	1421	O
1724	1724	1422	O
1725	1725	1423	O
1726	1726	1423	D
1727	1727	1424	O
1728	1728	1424	D
1729	1729	1425	O
1730	1730	1426	O
1731	1731	1427	O
1733	1733	1429	O
1734	1734	1430	O
1735	1735	1430	D
1736	1736	1431	O
1737	1737	1432	O
1738	1738	1432	D
1741	1741	1434	O
1742	1742	1435	O
1743	1743	1436	O
1744	1744	1437	O
1745	1745	1438	O
1746	1746	1439	O
1747	1747	1439	D
1748	1748	1440	O
1749	1749	1441	O
1750	1750	1442	O
1751	1751	1443	O
1752	1752	1444	O
1753	1753	1445	O
1754	1754	1446	O
1755	1755	1447	O
1756	1756	1448	O
1757	1757	1448	D
1758	1758	1449	O
1759	1759	1450	O
1760	1760	1451	O
1761	1761	1452	O
1762	1762	1453	O
1763	1763	1454	O
1764	1764	1455	O
1765	1765	1456	O
1768	1768	1458	O
1769	1769	1459	O
1770	1770	1459	D
1771	1771	1460	O
1772	1772	1461	O
1774	1774	1463	O
1775	1775	1464	O
1776	1776	1465	O
1777	1777	1466	O
1778	1778	1466	D
1779	1779	1467	O
1780	1780	1468	O
1781	1781	1469	O
1782	1782	1470	O
1783	1783	1471	O
1784	1784	1472	O
1785	1785	1473	O
1786	1786	1474	O
1787	1787	1474	D
1788	1788	1475	O
1789	1789	1476	O
1790	1790	1477	O
1791	1791	1478	O
1792	1792	1479	O
1793	1793	1480	O
1794	1794	1481	O
1795	1795	1482	O
1796	1796	1483	O
1797	1797	1483	D
1798	1798	1484	O
1799	1799	1485	O
1800	1800	1486	O
1801	1801	1487	O
1802	1802	1487	D
1803	1803	1488	O
1806	1806	1490	O
1807	1807	1491	O
1808	1808	1491	D
1809	1809	1492	O
1810	1810	1493	O
1811	1811	1494	O
1812	1812	1495	O
1813	1813	1495	D
1814	1814	1496	O
1815	1815	1497	O
1816	1816	1498	O
1817	1817	1499	O
1818	1818	1499	D
1819	1819	1500	O
1820	1820	1501	O
1821	1821	1502	O
1822	1822	1503	O
1823	1823	1504	O
1824	1824	1505	O
1825	1825	1506	O
1826	1826	1507	O
1827	1827	1507	D
1828	1828	1508	O
1829	1829	1509	O
1830	1830	1510	O
1831	1831	1511	O
1832	1832	1512	O
1833	1833	1513	O
1834	1834	1514	O
1835	1835	1514	D
1836	1836	1515	O
1837	1837	1516	O
1838	1838	1516	D
1839	1839	1517	O
1840	1840	1517	D
1841	1841	1518	O
1842	1842	1519	O
1843	1843	1520	O
1844	1844	1521	O
1845	1845	1521	D
1846	1846	1522	O
1847	1847	1523	O
1848	1848	1524	O
1849	1849	1525	O
1850	1850	1526	O
1851	1851	1527	O
1852	1852	1528	O
1853	1853	1529	O
1854	1854	1530	O
1856	1856	1532	O
1857	1857	1532	D
1860	1860	1534	O
1861	1861	1535	O
1862	1862	1536	O
1863	1863	1537	O
1864	1864	1538	O
1865	1865	1538	D
1866	1866	1539	O
1867	1867	1540	O
1868	1868	1541	O
1869	1869	1542	O
1870	1870	1542	D
1871	1871	1543	O
1872	1872	1544	O
1873	1873	1544	D
1874	1874	1545	O
1875	1875	1546	O
1876	1876	1547	O
1877	1877	1548	O
1878	1878	1548	D
1879	1879	1549	O
1880	1880	1550	O
1881	1881	1551	O
1882	1882	1551	D
1883	1883	1552	O
1884	1884	1553	O
1885	1885	1554	O
1886	1886	1555	O
1887	1887	1556	O
1888	1888	1557	O
1889	1889	1558	O
1890	1890	1559	O
1891	1891	1560	O
1892	1892	1561	O
1893	1893	1561	D
1894	1894	1562	O
1895	1895	1563	O
1896	1896	1564	O
1897	1897	1565	O
1898	1898	1566	O
1899	1899	1567	O
1900	1900	1568	O
1901	1901	1568	D
1903	1903	1570	O
1904	1904	1571	O
1905	1905	1572	O
1906	1906	1573	O
1907	1907	1574	O
1908	1908	1575	O
1909	1909	1576	O
1910	1910	1577	O
1911	1911	1578	O
1912	1912	1579	O
1913	1913	1580	O
1914	1914	1581	O
1915	1915	1581	D
1916	1916	1582	O
1917	1917	1583	O
1919	1919	1584	O
1920	1920	1585	O
1921	1921	1586	O
1922	1922	1586	D
1923	1923	1587	O
1924	1924	1588	O
1925	1925	1589	O
1926	1926	1589	D
1927	1927	1590	O
1928	1928	1590	D
1929	1929	1591	O
1930	1930	1592	O
1931	1931	1593	O
1932	1932	1594	O
1934	1934	1596	O
1935	1935	1597	O
1936	1936	1598	O
1937	1937	1598	D
1938	1938	1599	O
1939	1939	1600	O
1940	1940	1600	D
1941	1941	1601	O
1942	1942	1601	D
1943	1943	1602	O
1944	1944	1603	O
1945	1945	1604	O
1946	1946	1605	O
1947	1947	1606	O
1948	1948	1607	O
1949	1949	1607	D
1950	1950	1608	O
1951	1951	1609	O
1952	1952	1610	O
1953	1953	1610	D
1954	1954	1611	O
1955	1955	1612	O
1956	1956	1613	O
1957	1957	1614	O
1958	1958	1614	D
1959	1959	1615	O
1960	1960	1616	O
1961	1961	1617	O
1962	1962	1618	O
1963	1963	1619	O
1964	1964	1620	O
1965	1965	1621	O
1966	1966	1622	O
1967	1967	1623	O
1968	1968	1623	D
1969	1969	1624	O
1970	1970	1625	O
1971	1971	1626	O
1972	1972	1627	O
1973	1973	1628	O
1974	1974	1629	O
1975	1975	1629	D
1976	1976	1630	O
1977	1977	1631	O
1978	1978	1632	O
1979	1979	1633	O
1980	1980	1634	O
1981	1981	1635	O
1982	1982	1636	O
1983	1983	1636	D
1984	1984	1637	O
1985	1985	1638	O
1986	1986	1638	D
1988	1988	1640	O
1989	1989	1641	O
1990	1990	1641	D
1991	1991	1642	O
1993	1993	1644	O
1994	1994	1644	D
1995	1995	1645	O
1996	1996	1646	O
1997	1997	1647	O
1998	1998	1648	O
1999	1999	1649	O
2000	2000	1650	O
2001	2001	1651	O
2002	2002	1652	O
2003	2003	1652	D
2004	2004	1653	O
2005	2005	1654	O
2006	2006	1655	O
2007	2007	1655	D
2008	2008	1656	O
2009	2009	1657	O
2010	2010	1658	O
2011	2011	1659	O
2012	2012	1659	D
2013	2013	1660	O
2015	2015	1662	O
2016	2016	1663	O
2017	2017	1663	D
2018	2018	1664	O
2019	2019	1665	O
2020	2020	1665	D
2021	2021	1666	O
2022	2022	1667	O
2023	2023	1667	D
2024	2024	1668	O
2025	2025	1669	O
2026	2026	1669	D
2027	2027	1670	O
2028	2028	1670	D
2029	2029	1671	O
2030	2030	1672	O
2031	2031	1673	O
2032	2032	1674	O
2033	2033	1674	D
2034	2034	1675	O
2035	2035	1675	D
2037	2037	1677	O
2038	2038	1678	O
2039	2039	1679	O
2040	2040	1680	O
2041	2041	1681	O
2042	2042	1682	O
2043	2043	1683	O
2044	2044	1684	O
2045	2045	1685	O
2046	2046	1685	D
2047	2047	1686	O
2048	2048	1687	O
2049	2049	1688	O
2050	2050	1688	D
2051	2051	1689	O
2052	2052	1689	D
2053	2053	1690	O
2054	2054	1691	O
2055	2055	1692	O
2056	2056	1693	O
2057	2057	1694	O
2058	2058	1695	O
2059	2059	1696	O
2060	2060	1696	D
2061	2061	1697	O
2062	2062	1697	D
2063	2063	1698	O
2064	2064	1699	O
2065	2065	1700	O
2066	2066	1701	O
2067	2067	1702	O
2068	2068	1703	O
2069	2069	1704	O
2070	2070	1705	O
2071	2071	1706	O
2072	2072	1707	O
2073	2073	1708	O
2074	2074	1709	O
2075	2075	1710	O
2076	2076	1711	O
2077	2077	1712	O
2078	2078	1713	O
2079	2079	1714	O
2080	2080	1715	O
2081	2081	1716	O
2082	2082	1717	O
2083	2083	1718	O
2084	2084	1719	O
2085	2085	1719	D
2086	2086	1720	O
2087	2087	1721	O
2088	2088	1722	O
2089	2089	1723	O
2090	2090	1723	D
2091	2091	1724	O
2092	2092	1725	O
2093	2093	1726	O
2094	2094	1726	D
2095	2095	1727	O
2096	2096	1728	O
2097	2097	1729	O
2098	2098	1729	D
2099	2099	1730	O
2100	2100	1731	O
2101	2101	1731	D
2102	2102	1732	O
2103	2103	1733	O
2104	2104	1734	O
2105	2105	1735	O
2106	2106	1736	O
2107	2107	1736	D
2108	2108	1737	O
2109	2109	1738	O
2110	2110	1739	O
2111	2111	1740	O
2112	2112	1741	O
2113	2113	1742	O
2114	2114	1743	O
2115	2115	1743	D
2116	2116	1744	O
2117	2117	1745	O
2118	2118	1746	O
2119	2119	1747	O
2121	2121	1749	O
2122	2122	1750	O
2123	2123	1751	O
2124	2124	1752	O
2125	2125	1753	O
2126	2126	1754	O
2128	2128	1756	O
2129	2129	1757	O
2130	2130	1758	O
2131	2131	1759	O
2132	2132	1759	D
2133	2133	1760	O
2134	2134	1760	D
2135	2135	1761	O
2136	2136	1762	O
2137	2137	1763	O
2138	2138	1764	O
2139	2139	1765	O
2140	2140	1765	D
2141	2141	1766	O
2142	2142	1767	O
2143	2143	1767	D
2144	2144	1768	O
2145	2145	1769	O
2146	2146	1770	O
2147	2147	1771	O
2148	2148	1772	O
2149	2149	1773	O
2150	2150	1774	O
2151	2151	1774	D
2152	2152	1775	O
2153	2153	1776	O
2154	2154	1777	O
2155	2155	1778	O
2156	2156	1779	O
2157	2157	1780	O
2158	2158	1781	O
2159	2159	1782	O
2160	2160	1783	O
2161	2161	1784	O
2162	2162	1784	D
2163	2163	1785	O
2164	2164	1786	O
2165	2165	1786	D
2166	2166	1787	O
2167	2167	1788	O
2168	2168	1789	O
2169	2169	1789	D
2170	2170	1790	O
2171	2171	1791	O
2172	2172	1792	O
2173	2173	1793	O
2174	2174	1794	O
2175	2175	1795	O
2176	2176	1796	O
2177	2177	1797	O
2178	2178	1798	O
2179	2179	1799	O
2180	2180	1800	O
2181	2181	1801	O
2182	2182	1802	O
2183	2183	1802	D
2184	2184	1803	O
2185	2185	1804	O
2186	2186	1805	O
2187	2187	1806	O
2188	2188	1806	D
2189	2189	1807	O
2190	2190	1808	O
2191	2191	1808	D
2192	2192	1809	O
2193	2193	1809	D
2194	2194	1810	O
2195	2195	1811	O
2196	2196	1812	O
2197	2197	1813	O
2198	2198	1814	O
2199	2199	1814	D
2200	2200	1815	O
2201	2201	1816	O
2202	2202	1816	D
2203	2203	1817	O
2204	2204	1818	O
2205	2205	1819	O
2206	2206	1820	O
2207	2207	1821	O
2208	2208	1821	D
2209	2209	1822	O
2210	2210	1822	D
2211	2211	1823	O
2212	2212	1824	O
2213	2213	1825	O
2214	2214	1826	O
2215	2215	1827	O
2216	2216	1828	O
2217	2217	1828	D
2218	2218	1829	O
2219	2219	1829	D
2220	2220	1830	O
2221	2221	1830	D
2222	2222	1831	O
2223	2223	1832	O
2224	2224	1833	O
2225	2225	1834	O
2226	2226	1835	O
2227	2227	1836	O
2228	2228	1837	O
2229	2229	1838	O
2230	2230	1839	O
2231	2231	1840	O
2232	2232	1841	O
2233	2233	1841	D
2235	2235	1843	O
2236	2236	1844	O
2237	2237	1845	O
2238	2238	1845	D
2239	2239	1846	O
2240	2240	1847	O
2241	2241	1847	D
2242	2242	1848	O
2243	2243	1848	D
2246	2246	1851	O
2247	2247	1852	O
2248	2248	1853	O
2249	2249	1854	O
2250	2250	1855	O
2251	2251	1856	O
2252	2252	1857	O
2253	2253	1857	D
2254	2254	1858	O
2255	2255	1859	O
2256	2256	1860	O
2257	2257	1861	O
2258	2258	1861	D
2259	2259	1862	O
2260	2260	1863	O
2261	2261	1863	D
2263	2263	1865	O
2264	2264	1866	O
2265	2265	1867	O
2266	2266	1868	O
2267	2267	1869	O
2268	2268	1870	O
2269	2269	1871	O
2270	2270	1872	O
2271	2271	1872	D
2274	2274	1874	O
2275	2275	1874	D
2276	2276	1875	O
2277	2277	1876	O
2278	2278	1877	O
2279	2279	1878	O
2280	2280	1879	O
2281	2281	1880	O
2282	2282	1881	O
2283	2283	1882	O
2286	2286	1884	O
2287	2287	1885	O
2288	2288	1886	O
2289	2289	1886	D
2290	2290	1887	O
2291	2291	1888	O
2292	2292	1889	O
2293	2293	1890	O
2294	2294	1891	O
2295	2295	1892	O
2296	2296	1892	D
2297	2297	1893	O
2298	2298	1893	D
2299	2299	1894	O
2300	2300	1895	O
2301	2301	1895	D
2302	2302	1896	O
2303	2303	1897	O
2304	2304	1897	D
2305	2305	1898	O
2306	2306	1898	D
2307	2307	1899	O
2308	2308	1900	O
2309	2309	1901	O
2310	2310	1902	O
2311	2311	1902	D
2312	2312	1903	O
2313	2313	1904	O
2314	2314	1905	O
2315	2315	1905	D
2316	2316	1906	O
2317	2317	1907	O
2318	2318	1908	O
2319	2319	1909	O
2320	2320	1910	O
2321	2321	1911	O
2322	2322	1912	O
2323	2323	1913	O
2324	2324	1914	O
2325	2325	1915	O
2326	2326	1916	O
2327	2327	1917	O
2328	2328	1918	O
2329	2329	1919	O
2330	2330	1920	O
2331	2331	1921	O
2332	2332	1922	O
2333	2333	1922	D
2335	2335	1924	O
2336	2336	1925	O
2337	2337	1925	D
2338	2338	1926	O
2339	2339	1926	D
2340	2340	1927	O
2341	2341	1927	D
2342	2342	1928	O
2343	2343	1929	O
2344	2344	1930	O
2345	2345	1931	O
2346	2346	1931	D
2347	2347	1932	O
2348	2348	1933	O
2349	2349	1934	O
2350	2350	1934	D
2351	2351	1935	O
2352	2352	1936	O
2353	2353	1937	O
2354	2354	1938	O
2355	2355	1939	O
2356	2356	1940	O
2357	2357	1940	D
2358	2358	1941	O
2359	2359	1941	D
2361	2361	1943	O
2362	2362	1943	D
2363	2363	1944	O
2364	2364	1945	O
2365	2365	1946	O
2366	2366	1947	O
2367	2367	1947	D
2368	2368	1948	O
2369	2369	1948	D
2370	2370	1949	O
2371	2371	1950	O
2372	2372	1951	O
2373	2373	1952	O
2374	2374	1953	O
2375	2375	1954	O
2376	2376	1954	D
2377	2377	1955	O
2378	2378	1956	O
2379	2379	1957	O
2380	2380	1958	O
2381	2381	1958	D
2382	2382	1959	O
2383	2383	1960	O
2384	2384	1960	D
2385	2385	1961	O
2386	2386	1961	D
2387	2387	1962	O
2388	2388	1963	O
2389	2389	1964	O
2390	2390	1965	O
2391	2391	1966	O
2392	2392	1967	O
2393	2393	1968	O
2394	2394	1969	O
2395	2395	1970	O
2396	2396	1971	O
2397	2397	1972	O
2398	2398	1973	O
2399	2399	1974	O
2400	2400	1975	O
2401	2401	1976	O
2402	2402	1977	O
2403	2403	1978	O
2404	2404	1979	O
2405	2405	1979	D
2406	2406	1980	O
2407	2407	1981	O
2408	2408	1982	O
2409	2409	1983	O
2410	2410	1984	O
2411	2411	1984	D
2412	2412	1985	O
2413	2413	1986	O
2414	2414	1987	O
2415	2415	1987	D
2416	2416	1988	O
2417	2417	1989	O
2418	2418	1990	O
2419	2419	1991	O
2420	2420	1992	O
2421	2421	1992	D
2422	2422	1993	O
2423	2423	1994	O
2424	2424	1995	O
2425	2425	1996	O
2426	2426	1997	O
2427	2427	1997	D
2428	2428	1998	O
2429	2429	1999	O
2430	2430	2000	O
2431	2431	2001	O
2432	2432	2002	O
2433	2433	2003	O
2434	2434	2004	O
2435	2435	2005	O
2436	2436	2006	O
2437	2437	2007	O
2438	2438	2008	O
2439	2439	2008	D
2440	2440	2009	O
2441	2441	2010	O
2442	2442	2010	D
2443	2443	2011	O
2444	2444	2012	O
2445	2445	2013	O
2447	2447	2015	O
2448	2448	2015	D
2449	2449	2016	O
2450	2450	2017	O
2451	2451	2018	O
2452	2452	2019	O
2453	2453	2020	O
2454	2454	2021	O
2455	2455	2022	O
2456	2456	2022	D
2457	2457	2023	O
2458	2458	2023	D
2459	2459	2024	O
2460	2460	2025	O
2461	2461	2026	O
2462	2462	2027	O
2463	2463	2028	O
2464	2464	2029	O
2465	2465	2030	O
2467	2467	2032	O
2468	2468	2033	O
2469	2469	2034	O
2470	2470	2035	O
2471	2471	2035	D
2472	2472	2036	O
2473	2473	2037	O
2474	2474	2038	O
2475	2475	2039	O
2476	2476	2040	O
2477	2477	2040	D
2478	2478	2041	O
2479	2479	2042	O
2480	2480	2043	O
2481	2481	2044	O
2482	2482	2045	O
2483	2483	2045	D
2484	2484	2046	O
2485	2485	2047	O
2486	2486	2048	O
2487	2487	2049	O
2488	2488	2050	O
2489	2489	2051	O
2490	2490	2052	O
2491	2491	2053	O
2492	2492	2053	D
2493	2493	2054	O
2494	2494	2055	O
2495	2495	2056	O
2496	2496	2057	O
2497	2497	2058	O
2498	2498	2059	O
2499	2499	2060	O
2500	2500	2061	O
2501	2501	2062	O
2502	2502	2063	O
2503	2503	2064	O
2504	2504	2065	O
2505	2505	2066	O
2506	2506	2067	O
2507	2507	2068	O
2508	2508	2069	O
2509	2509	2069	D
2510	2510	2070	O
2511	2511	2071	O
2512	2512	2071	D
2513	2513	2072	O
2514	2514	2073	O
2515	2515	2074	O
2516	2516	2075	O
2517	2517	2076	O
2518	2518	2076	D
2519	2519	2077	O
2520	2520	2078	O
2521	2521	2079	O
2522	2522	2080	O
2523	2523	2080	D
2524	2524	2081	O
2525	2525	2082	O
2526	2526	2083	O
2527	2527	2084	O
2528	2528	2085	O
2529	2529	2086	O
2530	2530	2087	O
2531	2531	2088	O
2532	2532	2089	O
2533	2533	2090	O
2534	2534	2091	O
2535	2535	2092	O
2536	2536	2093	O
2537	2537	2094	O
2538	2538	2095	O
2539	2539	2096	O
2540	2540	2097	O
2542	2542	2099	O
2543	2543	2099	D
2545	2545	2101	O
2546	2546	2102	O
2547	2547	2103	O
2548	2548	2104	O
2549	2549	2105	O
2550	2550	2106	O
2551	2551	2107	O
2552	2552	2108	O
2553	2553	2109	O
2554	2554	2110	O
2555	2555	2111	O
2556	2556	2112	O
2557	2557	2113	O
2558	2558	2114	O
2559	2559	2115	O
2560	2560	2116	O
2561	2561	2117	O
2562	2562	2118	O
2563	2563	2119	O
2565	2565	2121	O
2566	2566	2122	O
2567	2567	2123	O
2568	2568	2123	D
2569	2569	2124	O
2570	2570	2124	D
2571	2571	2125	O
2572	2572	2126	O
2573	2573	2127	O
2574	2574	2128	O
2576	2576	2130	O
2577	2577	2131	O
2578	2578	2132	O
2579	2579	2133	O
2580	2580	2133	D
2581	2581	2134	O
2582	2582	2135	O
2583	2583	2136	O
2584	2584	2137	O
2585	2585	2138	O
2586	2586	2139	O
2587	2587	2139	D
2588	2588	2140	O
2589	2589	2141	O
2590	2590	2142	O
2591	2591	2142	D
2592	2592	2143	O
2593	2593	2143	D
2594	2594	2144	O
2596	2596	2146	O
2597	2597	2147	O
2598	2598	2147	D
2599	2599	2148	O
2600	2600	2149	O
2601	2601	2150	O
2602	2602	2150	D
2603	2603	2151	O
2604	2604	2152	O
2605	2605	2152	D
2606	2606	2153	O
2607	2607	2154	O
2608	2608	2155	O
2609	2609	2156	O
2610	2610	2156	D
2611	2611	2157	O
2612	2612	2158	O
2613	2613	2159	O
2614	2614	2160	O
2615	2615	2161	O
2616	2616	2162	O
2617	2617	2162	D
2618	2618	2163	O
2619	2619	2164	O
2620	2620	2164	D
2621	2621	2165	O
2622	2622	2166	O
2623	2623	2167	O
2625	2625	2169	O
2626	2626	2170	O
2628	2628	2172	O
2629	2629	2172	D
2630	2630	2173	O
2631	2631	2174	O
2632	2632	2174	D
2633	2633	2175	O
2635	2635	2176	O
2636	2636	2177	O
2637	2637	2178	O
2638	2638	2179	O
2639	2639	2180	O
2640	2640	2180	D
2642	2642	2182	O
2643	2643	2183	O
2644	2644	2184	O
2645	2645	2185	O
2646	2646	2186	O
2647	2647	2187	O
2648	2648	2187	D
2650	2650	2189	O
2651	2651	2189	D
2652	2652	2190	O
2653	2653	2191	O
2654	2654	2192	O
2655	2655	2193	O
2656	2656	2194	O
2657	2657	2195	O
2658	2658	2196	O
2659	2659	2197	O
2661	2661	2199	O
2662	2662	2200	O
2663	2663	2201	O
2666	2666	2203	O
2667	2667	2204	O
2668	2668	2204	D
2669	2669	2205	O
2670	2670	2206	O
2671	2671	2207	O
2672	2672	2208	O
2673	2673	2209	O
2674	2674	2209	D
2675	2675	2210	O
2676	2676	2211	O
2677	2677	2212	O
2678	2678	2212	D
2679	2679	2213	O
2680	2680	2213	D
2681	2681	2214	O
2682	2682	2214	D
2683	2683	2215	O
2684	2684	2216	O
2685	2685	2217	O
2686	2686	2218	O
2687	2687	2218	D
2688	2688	2219	O
2689	2689	2220	O
2690	2690	2221	O
2691	2691	2222	O
2692	2692	2223	O
2693	2693	2224	O
2694	2694	2225	O
2695	2695	2225	D
2696	2696	2226	O
2697	2697	2226	D
2698	2698	2227	O
2699	2699	2227	D
2700	2700	2228	O
2701	2701	2229	O
2702	2702	2230	O
2703	2703	2231	O
2704	2704	2232	O
2705	2705	2233	O
2706	2706	2234	O
2707	2707	2235	O
2708	2708	2236	O
2709	2709	2237	O
2712	2712	2239	O
2713	2713	2240	O
2714	2714	2241	O
2715	2715	2242	O
2716	2716	2243	O
2717	2717	2244	O
2718	2718	2244	D
2719	2719	2245	O
2720	2720	2246	O
2721	2721	2247	O
2724	2724	2250	O
2726	2726	2252	O
2727	2727	2252	D
2728	2728	2253	O
2729	2729	2254	O
2730	2730	2255	O
2731	2731	2256	O
2732	2732	2257	O
2733	2733	2258	O
2734	2734	2258	D
2735	2735	2259	O
2736	2736	2260	O
2738	2738	2261	O
2739	2739	2262	O
2740	2740	2263	O
2741	2741	2264	O
2742	2742	2265	O
2743	2743	2266	O
2744	2744	2266	D
2745	2745	2267	O
2746	2746	2268	O
2747	2747	2269	O
2748	2748	2269	D
2749	2749	2270	O
2750	2750	2270	D
2751	2751	2271	O
2752	2752	2272	O
2754	2754	2274	O
2755	2755	2275	O
2756	2756	2276	O
2758	2758	2278	O
2759	2759	2279	O
2760	2760	2280	O
2761	2761	2281	O
2762	2762	2282	O
2765	2765	2285	O
2766	2766	2286	O
2767	2767	2286	D
2768	2768	2287	O
2769	2769	2288	O
2770	2770	2289	O
2771	2771	2290	O
2772	2772	2290	D
2773	2773	2291	O
2774	2774	2291	D
2775	2775	2292	O
2776	2776	2293	O
2777	2777	2294	O
2778	2778	2295	O
2779	2779	2296	O
2780	2780	2296	D
2781	2781	2297	O
2782	2782	2298	O
2783	2783	2299	O
2784	2784	2300	O
2785	2785	2301	O
2786	2786	2302	O
2787	2787	2303	O
2788	2788	2304	O
2789	2789	2305	O
2790	2790	2306	O
2791	2791	2307	O
2794	2794	2309	O
2795	2795	2309	D
2796	2796	2310	O
2797	2797	2311	O
2798	2798	2312	O
2799	2799	2313	O
2800	2800	2314	O
2801	2801	2315	O
2802	2802	2316	O
2803	2803	2317	O
2804	2804	2317	D
2805	2805	2318	O
2806	2806	2319	O
2808	2808	2321	O
2809	2809	2322	O
2810	2810	2323	O
2811	2811	2324	O
2812	2812	2325	O
2813	2813	2326	O
2814	2814	2327	O
2815	2815	2328	O
2816	2816	2328	D
2817	2817	2329	O
2818	2818	2330	O
2819	2819	2331	O
2820	2820	2332	O
2821	2821	2333	O
2822	2822	2334	O
2823	2823	2335	O
2824	2824	2336	O
2825	2825	2337	O
2826	2826	2338	O
2827	2827	2339	O
2828	2828	2340	O
2829	2829	2341	O
2830	2830	2342	O
2831	2831	2343	O
2832	2832	2344	O
2833	2833	2344	D
2834	2834	2345	O
2835	2835	2346	O
2836	2836	2347	O
2837	2837	2347	D
2838	2838	2348	O
2839	2839	2349	O
2840	2840	2349	D
2841	2841	2350	O
2842	2842	2351	O
2843	2843	2352	O
2844	2844	2353	O
2845	2845	2354	O
2846	2846	2355	O
2847	2847	2356	O
2848	2848	2356	D
2849	2849	2357	O
2850	2850	2358	O
2851	2851	2359	O
2852	2852	2360	O
2853	2853	2361	O
2854	2854	2362	O
2855	2855	2362	D
2856	2856	2363	O
2857	2857	2364	O
2858	2858	2365	O
2859	2859	2366	O
2860	2860	2367	O
2862	2862	2369	O
2863	2863	2369	D
2864	2864	2370	O
2865	2865	2371	O
2866	2866	2371	D
2867	2867	2372	O
2868	2868	2373	O
2869	2869	2374	O
2870	2870	2375	O
2871	2871	2376	O
2872	2872	2377	O
2873	2873	2378	O
2874	2874	2379	O
2875	2875	2380	O
2876	2876	2381	O
2877	2877	2382	O
2878	2878	2383	O
2879	2879	2384	O
2880	2880	2385	O
2881	2881	2386	O
2882	2882	2387	O
2883	2883	2388	O
2884	2884	2389	O
2885	2885	2390	O
2886	2886	2390	D
2887	2887	2391	O
2888	2888	2392	O
2889	2889	2393	O
2890	2890	2394	O
2891	2891	2394	D
2892	2892	2395	O
2893	2893	2396	O
2894	2894	2397	O
2895	2895	2398	O
2896	2896	2399	O
2897	2897	2400	O
2898	2898	2400	D
2899	2899	2401	O
2900	2900	2402	O
2901	2901	2403	O
2902	2902	2404	O
2903	2903	2404	D
2904	2904	2405	O
2905	2905	2405	D
2906	2906	2406	O
2907	2907	2406	D
2908	2908	2407	O
2909	2909	2408	O
2910	2910	2409	O
2911	2911	2410	O
2912	2912	2410	D
2913	2913	2411	O
2915	2915	2413	O
2916	2916	2414	O
2917	2917	2415	O
2918	2918	2416	O
2919	2919	2416	D
2920	2920	2417	O
2921	2921	2418	O
2922	2922	2419	O
2923	2923	2420	O
2924	2924	2421	O
2925	2925	2421	D
2926	2926	2422	O
2927	2927	2422	D
2928	2928	2423	O
2929	2929	2424	O
2930	2930	2425	O
2932	2932	2427	O
2933	2933	2428	O
2934	2934	2428	D
2935	2935	2429	O
2936	2936	2430	O
2937	2937	2431	O
2938	2938	2432	O
2939	2939	2433	O
2940	2940	2434	O
2941	2941	2435	O
2942	2942	2436	O
2943	2943	2437	O
2944	2944	2438	O
2945	2945	2439	O
2946	2946	2439	D
2947	2947	2440	O
2948	2948	2441	O
2949	2949	2442	O
2950	2950	2443	O
2951	2951	2444	O
2952	2952	2445	O
2953	2953	2446	O
2954	2954	2447	O
2955	2955	2447	D
2956	2956	2448	O
2957	2957	2449	O
2958	2958	2450	O
2959	2959	2451	O
2960	2960	2452	O
2961	2961	2452	D
2962	2962	2453	O
2963	2963	2453	D
2964	2964	2454	O
2965	2965	2455	O
2966	2966	2456	O
2967	2967	2457	O
2968	2968	2458	O
2969	2969	2459	O
2970	2970	2459	D
2971	2971	2460	O
2972	2972	2461	O
2974	2974	2463	O
2975	2975	2464	O
2976	2976	2465	O
2977	2977	2466	O
2978	2978	2467	O
2979	2979	2468	O
2980	2980	2469	O
2981	2981	2470	O
2982	2982	2471	O
2983	2983	2471	D
2984	2984	2472	O
2985	2985	2472	D
2986	2986	2473	O
2987	2987	2473	D
2988	2988	2474	O
2989	2989	2475	O
2990	2990	2476	O
2991	2991	2476	D
2992	2992	2477	O
2994	2994	2479	O
2995	2995	2480	O
2996	2996	2481	O
2997	2997	2482	O
2998	2998	2483	O
2999	2999	2484	O
3000	3000	2485	O
3001	3001	2486	O
3002	3002	2487	O
3003	3003	2488	O
3004	3004	2488	D
3005	3005	2489	O
3006	3006	2490	O
3007	3007	2491	O
3008	3008	2492	O
3009	3009	2493	O
3010	3010	2493	D
3011	3011	2494	O
3012	3012	2495	O
3013	3013	2496	O
3014	3014	2496	D
3015	3015	2497	O
3016	3016	2498	O
3017	3017	2499	O
3018	3018	2500	O
3019	3019	2501	O
3020	3020	2502	O
3021	3021	2503	O
3022	3022	2503	D
3023	3023	2504	O
3024	3024	2505	O
3025	3025	2505	D
3026	3026	2506	O
3027	3027	2507	O
3028	3028	2508	O
3029	3029	2509	O
3030	3030	2510	O
3031	3031	2511	O
3032	3032	2511	D
3035	3035	2513	O
3036	3036	2514	O
3037	3037	2515	O
3038	3038	2516	O
3039	3039	2517	O
3041	3041	2519	O
3042	3042	2520	O
3043	3043	2521	O
3044	3044	2522	O
3045	3045	2523	O
3046	3046	2524	O
3047	3047	2525	O
3048	3048	2526	O
3049	3049	2527	O
3050	3050	2527	D
3051	3051	2528	O
3054	3054	2530	O
3055	3055	2531	O
3056	3056	2532	O
3057	3057	2532	D
3058	3058	2533	O
3059	3059	2534	O
3060	3060	2535	O
3061	3061	2535	D
3062	3062	2536	O
3063	3063	2537	O
3064	3064	2538	O
3065	3065	2539	O
3066	3066	2540	O
3067	3067	2541	O
3068	3068	2541	D
3069	3069	2542	O
3070	3070	2543	O
3071	3071	2544	O
3072	3072	2545	O
3073	3073	2545	D
3074	3074	2546	O
3075	3075	2547	O
3076	3076	2548	O
3077	3077	2549	O
3078	3078	2549	D
3079	3079	2550	O
3080	3080	2551	O
3081	3081	2551	D
3082	3082	2552	O
3083	3083	2553	O
3084	3084	2554	O
3085	3085	2555	O
3086	3086	2555	D
3087	3087	2556	O
3088	3088	2557	O
3089	3089	2558	O
3090	3090	2559	O
3091	3091	2560	O
3092	3092	2561	O
3093	3093	2562	O
3094	3094	2563	O
3095	3095	2564	O
3096	3096	2565	O
3097	3097	2566	O
3098	3098	2567	O
3099	3099	2568	O
3100	3100	2569	O
3101	3101	2570	O
3102	3102	2571	O
3103	3103	2572	O
3104	3104	2573	O
3105	3105	2574	O
3106	3106	2575	O
3107	3107	2576	O
3108	3108	2576	D
3109	3109	2577	O
3110	3110	2578	O
3111	3111	2578	D
3112	3112	2579	O
3113	3113	2580	O
3114	3114	2580	D
3115	3115	2581	O
3116	3116	2582	O
3117	3117	2583	O
3118	3118	2583	D
3119	3119	2584	O
3120	3120	2585	O
3121	3121	2586	O
3122	3122	2586	D
3123	3123	2587	O
3124	3124	2588	O
3125	3125	2589	O
3126	3126	2590	O
3127	3127	2591	O
3128	3128	2592	O
3129	3129	2593	O
3130	3130	2594	O
3131	3131	2595	O
3132	3132	2596	O
3133	3133	2597	O
3134	3134	2598	O
3135	3135	2599	O
3136	3136	2600	O
3137	3137	2601	O
3138	3138	2601	D
3139	3139	2602	O
3140	3140	2602	D
3141	3141	2603	O
3142	3142	2604	O
3143	3143	2605	O
3144	3144	2606	O
3145	3145	2606	D
3146	3146	2607	O
3147	3147	2608	O
3148	3148	2609	O
3149	3149	2609	D
3150	3150	2610	O
3151	3151	2611	O
3152	3152	2612	O
3153	3153	2613	O
3154	3154	2613	D
3155	3155	2614	O
3156	3156	2615	O
3157	3157	2616	O
3158	3158	2617	O
3159	3159	2618	O
3160	3160	2619	O
3161	3161	2620	O
3162	3162	2621	O
3163	3163	2622	O
3164	3164	2622	D
3165	3165	2623	O
3166	3166	2624	O
3167	3167	2625	O
3170	3170	2627	O
3171	3171	2627	D
3172	3172	2628	O
3173	3173	2629	O
3174	3174	2629	D
3175	3175	2630	O
3176	3176	2631	O
3177	3177	2632	O
3178	3178	2633	O
3179	3179	2634	O
3180	3180	2634	D
3181	3181	2635	O
3182	3182	2636	O
3183	3183	2637	O
3184	3184	2638	O
3185	3185	2639	O
3186	3186	2640	O
3187	3187	2641	O
3188	3188	2642	O
3190	3190	2644	O
3191	3191	2645	O
3192	3192	2646	O
3193	3193	2647	O
3194	3194	2648	O
3195	3195	2649	O
3196	3196	2650	O
3197	3197	2651	O
3198	3198	2651	D
3199	3199	2652	O
3200	3200	2652	D
3201	3201	2653	O
3202	3202	2654	O
3203	3203	2655	O
3204	3204	2655	D
3205	3205	2656	O
3206	3206	2656	D
3207	3207	2657	O
3208	3208	2658	O
3209	3209	2658	D
3210	3210	2659	O
3211	3211	2660	O
3213	3213	2661	O
3214	3214	2662	O
3215	3215	2663	O
3216	3216	2664	O
3217	3217	2665	O
3218	3218	2666	O
3219	3219	2666	D
3220	3220	2667	O
3221	3221	2667	D
3222	3222	2668	O
3225	3225	2670	O
3226	3226	2671	O
3227	3227	2672	O
3228	3228	2673	O
3229	3229	2674	O
3230	3230	2675	O
3231	3231	2676	O
3232	3232	2677	O
3233	3233	2678	O
3234	3234	2679	O
3235	3235	2680	O
3236	3236	2681	O
3239	3239	2684	O
3240	3240	2685	O
3241	3241	2686	O
3242	3242	2686	D
3243	3243	2687	O
3244	3244	2688	O
3245	3245	2689	O
3246	3246	2690	O
3247	3247	2691	O
3248	3248	2692	O
3249	3249	2693	O
3250	3250	2693	D
3251	3251	2694	O
3252	3252	2694	D
3253	3253	2695	O
3254	3254	2696	O
3255	3255	2697	O
3256	3256	2698	O
3257	3257	2699	O
3258	3258	2700	O
3259	3259	2701	O
3260	3260	2702	O
3261	3261	2702	D
3262	3262	2703	O
3264	3264	2705	O
3265	3265	2706	O
3266	3266	2706	D
3267	3267	2707	O
3268	3268	2708	O
3269	3269	2709	O
3270	3270	2710	O
3271	3271	2711	O
3272	3272	2712	O
3273	3273	2712	D
3274	3274	2713	O
3275	3275	2713	D
3276	3276	2714	O
3277	3277	2715	O
3278	3278	2715	D
3279	3279	2716	O
3280	3280	2716	D
3281	3281	2717	O
3282	3282	2718	O
3283	3283	2719	O
3284	3284	2720	O
3285	3285	2720	D
3286	3286	2721	O
3287	3287	2721	D
3288	3288	2722	O
3289	3289	2723	O
3290	3290	2724	O
3291	3291	2725	O
3292	3292	2726	O
3293	3293	2727	O
3294	3294	2728	O
3295	3295	2729	O
3296	3296	2730	O
3297	3297	2731	O
3298	3298	2732	O
3299	3299	2733	O
3300	3300	2734	O
3302	3302	2736	O
3303	3303	2736	D
3304	3304	2737	O
3305	3305	2738	O
3306	3306	2739	O
3307	3307	2740	O
3308	3308	2741	O
3309	3309	2741	D
3310	3310	2742	O
3311	3311	2743	O
3312	3312	2744	O
3313	3313	2745	O
3314	3314	2746	O
3315	3315	2746	D
3316	3316	2747	O
3317	3317	2747	D
3319	3319	2749	O
3320	3320	2749	D
3321	3321	2750	O
3322	3322	2751	O
3323	3323	2752	O
3324	3324	2753	O
3325	3325	2753	D
3326	3326	2754	O
3327	3327	2755	O
3328	3328	2756	O
3329	3329	2757	O
3330	3330	2757	D
3331	3331	2758	O
3332	3332	2759	O
3333	3333	2760	O
3334	3334	2761	O
3335	3335	2762	O
3336	3336	2763	O
3337	3337	2764	O
3338	3338	2765	O
3339	3339	2766	O
3340	3340	2767	O
3341	3341	2767	D
3342	3342	2768	O
3344	3344	2770	O
3345	3345	2771	O
3346	3346	2771	D
3347	3347	2772	O
3348	3348	2773	O
3349	3349	2774	O
3350	3350	2775	O
3351	3351	2775	D
3352	3352	2776	O
3353	3353	2776	D
3354	3354	2777	O
3355	3355	2778	O
3356	3356	2779	O
3357	3357	2780	O
3358	3358	2781	O
3359	3359	2782	O
3360	3360	2783	O
3361	3361	2784	O
3365	3365	2787	O
3366	3366	2788	O
3367	3367	2788	D
3368	3368	2789	O
3369	3369	2790	O
3370	3370	2791	O
3371	3371	2791	D
3372	3372	2792	O
3373	3373	2793	O
3374	3374	2793	D
3375	3375	2794	O
3376	3376	2795	O
3377	3377	2795	D
3378	3378	2796	O
3379	3379	2796	D
3380	3380	2797	O
3381	3381	2798	O
3382	3382	2799	O
3383	3383	2799	D
3384	3384	2800	O
3385	3385	2801	O
3386	3386	2802	O
3387	3387	2803	O
3388	3388	2804	O
3389	3389	2805	O
3390	3390	2806	O
3391	3391	2807	O
3392	3392	2808	O
3393	3393	2809	O
3394	3394	2810	O
3395	3395	2811	O
3396	3396	2812	O
3397	3397	2813	O
3398	3398	2813	D
3399	3399	2814	O
3402	3402	2816	O
3403	3403	2816	D
3404	3404	2817	O
3405	3405	2818	O
3406	3406	2818	D
3407	3407	2819	O
3408	3408	2819	D
3409	3409	2820	O
3410	3410	2821	O
3412	3412	2823	O
3413	3413	2823	D
3414	3414	2824	O
3415	3415	2825	O
3416	3416	2826	O
3417	3417	2826	D
3418	3418	2827	O
3420	3420	2829	O
3421	3421	2830	O
3422	3422	2831	O
3423	3423	2832	O
3424	3424	2833	O
3425	3425	2834	O
3426	3426	2835	O
3427	3427	2836	O
3428	3428	2836	D
3429	3429	2837	O
3430	3430	2838	O
3431	3431	2839	O
3432	3432	2840	O
3433	3433	2841	O
3434	3434	2841	D
3435	3435	2842	O
3436	3436	2843	O
3437	3437	2843	D
3438	3438	2844	O
3439	3439	2845	O
3440	3440	2846	O
3441	3441	2847	O
3443	3443	2849	O
3444	3444	2850	O
3445	3445	2851	O
3446	3446	2852	O
3447	3447	2853	O
3448	3448	2854	O
3449	3449	2855	O
3450	3450	2856	O
3451	3451	2857	O
3452	3452	2857	D
3453	3453	2858	O
3454	3454	2859	O
3455	3455	2859	D
3456	3456	2860	O
3457	3457	2861	O
3458	3458	2862	O
3459	3459	2863	O
3460	3460	2863	D
3461	3461	2864	O
3462	3462	2864	D
3463	3463	2865	O
3464	3464	2866	O
3465	3465	2867	O
3466	3466	2868	O
3467	3467	2868	D
3468	3468	2869	O
3469	3469	2870	O
3470	3470	2871	O
3471	3471	2872	O
3472	3472	2873	O
3473	3473	2873	D
3474	3474	2874	O
3475	3475	2875	O
3476	3476	2876	O
3477	3477	2877	O
3478	3478	2878	O
3479	3479	2878	D
3480	3480	2879	O
3481	3481	2879	D
3482	3482	2880	O
3483	3483	2881	O
3484	3484	2882	O
3485	3485	2883	O
3486	3486	2884	O
3487	3487	2885	O
3488	3488	2886	O
3489	3489	2887	O
3490	3490	2888	O
3491	3491	2888	D
3492	3492	2889	O
3493	3493	2890	O
3494	3494	2891	O
3495	3495	2892	O
3496	3496	2892	D
3497	3497	2893	O
3498	3498	2894	O
3499	3499	2895	O
3500	3500	2896	O
3501	3501	2897	O
3502	3502	2898	O
3503	3503	2898	D
3504	3504	2899	O
3505	3505	2900	O
3506	3506	2901	O
3507	3507	2902	O
3508	3508	2903	O
3509	3509	2903	D
3510	3510	2904	O
3511	3511	2905	O
3512	3512	2906	O
3513	3513	2907	O
3514	3514	2907	D
3515	3515	2908	O
3516	3516	2909	O
3517	3517	2910	O
3518	3518	2911	O
3519	3519	2912	O
3520	3520	2913	O
3521	3521	2914	O
3522	3522	2915	O
3523	3523	2916	O
3524	3524	2917	O
3525	3525	2918	O
3526	3526	2918	D
3527	3527	2919	O
3528	3528	2920	O
3529	3529	2921	O
3530	3530	2922	O
3531	3531	2923	O
3532	3532	2924	O
3533	3533	2925	O
3534	3534	2926	O
3535	3535	2927	O
3536	3536	2928	O
3537	3537	2929	O
3538	3538	2930	O
3539	3539	2931	O
3540	3540	2932	O
3541	3541	2932	D
3542	3542	2933	O
3543	3543	2933	D
3544	3544	2934	O
3545	3545	2935	O
3546	3546	2936	O
3547	3547	2937	O
3548	3548	2938	O
3549	3549	2939	O
3550	3550	2940	O
3552	3552	2942	O
3554	3554	2944	O
3555	3555	2944	D
3556	3556	2945	O
3557	3557	2945	D
3558	3558	2946	O
3559	3559	2947	O
3560	3560	2947	D
3562	3562	2949	O
3563	3563	2949	D
3564	3564	2950	O
3565	3565	2951	O
3566	3566	2952	O
3567	3567	2953	O
3568	3568	2954	O
3569	3569	2955	O
3570	3570	2956	O
3571	3571	2957	O
3572	3572	2958	O
3573	3573	2959	O
3574	3574	2960	O
3575	3575	2961	O
3576	3576	2962	O
3577	3577	2963	O
3578	3578	2964	O
3579	3579	2964	D
3580	3580	2965	O
3581	3581	2966	O
3582	3582	2967	O
3583	3583	2968	O
3584	3584	2968	D
3585	3585	2969	O
3586	3586	2970	O
3587	3587	2970	D
3588	3588	2971	O
3589	3589	2972	O
3590	3590	2973	O
3591	3591	2974	O
3592	3592	2974	D
3594	3594	2976	O
3595	3595	2977	O
3596	3596	2978	O
3597	3597	2979	O
3598	3598	2980	O
3599	3599	2980	D
3600	3600	2981	O
3601	3601	2982	O
3602	3602	2982	D
3603	3603	2983	O
3605	3605	2985	O
3606	3606	2986	O
3607	3607	2987	O
3608	3608	2988	O
3609	3609	2988	D
3610	3610	2989	O
3611	3611	2990	O
3612	3612	2991	O
3613	3613	2991	D
3614	3614	2992	O
3615	3615	2993	O
3616	3616	2994	O
3617	3617	2995	O
3618	3618	2996	O
3619	3619	2997	O
3620	3620	2998	O
3621	3621	2999	O
3622	3622	2999	D
3623	3623	3000	O
3624	3624	3001	O
3627	3627	3003	O
3628	3628	3004	O
3629	3629	3005	O
3630	3630	3006	O
3631	3631	3006	D
3632	3632	3007	O
3633	3633	3008	O
3634	3634	3009	O
3635	3635	3009	D
3636	3636	3010	O
3637	3637	3011	O
3638	3638	3012	O
3639	3639	3013	O
3640	3640	3014	O
3641	3641	3014	D
3642	3642	3015	O
3643	3643	3016	O
3644	3644	3017	O
3645	3645	3018	O
3646	3646	3019	O
3647	3647	3019	D
3648	3648	3020	O
3649	3649	3021	O
3650	3650	3022	O
3651	3651	3023	O
3652	3652	3024	O
3653	3653	3024	D
3654	3654	3025	O
3655	3655	3026	O
3656	3656	3027	O
3657	3657	3027	D
3658	3658	3028	O
3659	3659	3029	O
3660	3660	3030	O
3661	3661	3031	O
3662	3662	3032	O
3663	3663	3033	O
3664	3664	3033	D
3667	3667	3035	O
3668	3668	3035	D
3669	3669	3036	O
3670	3670	3037	O
3671	3671	3038	O
3672	3672	3038	D
3673	3673	3039	O
3674	3674	3040	O
3675	3675	3041	O
3676	3676	3042	O
3677	3677	3042	D
3678	3678	3043	O
3679	3679	3044	O
3680	3680	3044	D
3681	3681	3045	O
3682	3682	3045	D
3683	3683	3046	O
3684	3684	3047	O
3685	3685	3048	O
3686	3686	3049	O
3687	3687	3050	O
3688	3688	3050	D
3689	3689	3051	O
3690	3690	3052	O
3691	3691	3053	O
3693	3693	3055	O
3694	3694	3055	D
3695	3695	3056	O
3696	3696	3056	D
3697	3697	3057	O
3698	3698	3058	O
3699	3699	3059	O
3700	3700	3059	D
3701	3701	3060	O
3702	3702	3061	O
3703	3703	3062	O
3704	3704	3063	O
3705	3705	3064	O
3707	3707	3066	O
3708	3708	3067	O
3709	3709	3067	D
3710	3710	3068	O
3711	3711	3069	O
3712	3712	3070	O
3713	3713	3071	O
3714	3714	3072	O
3716	3716	3074	O
3717	3717	3075	O
3718	3718	3075	D
3719	3719	3076	O
3720	3720	3076	D
3721	3721	3077	O
3722	3722	3078	O
3723	3723	3079	O
3724	3724	3080	O
3727	3727	3082	O
3728	3728	3083	O
3729	3729	3083	D
3730	3730	3084	O
3732	3732	3085	O
3733	3733	3086	O
3734	3734	3087	O
3735	3735	3088	O
3736	3736	3088	D
3737	3737	3089	O
3738	3738	3090	O
3739	3739	3091	O
3740	3740	3092	O
3741	3741	3093	O
3742	3742	3094	O
3743	3743	3094	D
3745	3745	3096	O
3746	3746	3097	O
3747	3747	3098	O
3748	3748	3099	O
3749	3749	3100	O
3750	3750	3101	O
3751	3751	3102	O
3752	3752	3102	D
3753	3753	3103	O
3754	3754	3104	O
3755	3755	3105	O
3756	3756	3106	O
3757	3757	3107	O
3758	3758	3108	O
3759	3759	3108	D
3760	3760	3109	O
3761	3761	3110	O
3762	3762	3111	O
3763	3763	3112	O
3764	3764	3112	D
3765	3765	3113	O
3766	3766	3114	O
3767	3767	3115	O
3768	3768	3115	D
3769	3769	3116	O
3770	3770	3117	O
3771	3771	3118	O
3772	3772	3118	D
3773	3773	3119	O
3774	3774	3120	O
3775	3775	3121	O
3776	3776	3122	O
3777	3777	3122	D
3779	3779	3124	O
3780	3780	3125	O
3781	3781	3126	O
3782	3782	3127	O
3783	3783	3128	O
3784	3784	3128	D
3785	3785	3129	O
3786	3786	3130	O
3787	3787	3131	O
3788	3788	3132	O
3789	3789	3133	O
3790	3790	3134	O
3791	3791	3135	O
3792	3792	3136	O
3793	3793	3137	O
3794	3794	3138	O
3795	3795	3139	O
3796	3796	3140	O
3797	3797	3140	D
3798	3798	3141	O
3799	3799	3142	O
3800	3800	3143	O
3801	3801	3143	D
3802	3802	3144	O
3803	3803	3145	O
3804	3804	3145	D
3805	3805	3146	O
3806	3806	3147	O
3807	3807	3148	O
3808	3808	3149	O
3811	3811	3151	O
3812	3812	3152	O
3813	3813	3153	O
3814	3814	3154	O
3815	3815	3155	O
3816	3816	3156	O
3817	3817	3157	O
3818	3818	3158	O
3819	3819	3158	D
3821	3821	3160	O
3822	3822	3161	O
3823	3823	3162	O
3824	3824	3163	O
3825	3825	3163	D
3826	3826	3164	O
3827	3827	3164	D
3829	3829	3166	O
3830	3830	3167	O
3831	3831	3168	O
3832	3832	3168	D
3833	3833	3169	O
3834	3834	3170	O
3835	3835	3171	O
3836	3836	3172	O
3837	3837	3173	O
3838	3838	3174	O
3839	3839	3174	D
3840	3840	3175	O
3841	3841	3176	O
3842	3842	3177	O
3843	3843	3178	O
3844	3844	3179	O
3845	3845	3180	O
3846	3846	3181	O
3847	3847	3182	O
3848	3848	3183	O
3849	3849	3184	O
3850	3850	3185	O
3851	3851	3185	D
3852	3852	3186	O
3853	3853	3187	O
3854	3854	3188	O
3855	3855	3189	O
3856	3856	3190	O
3857	3857	3191	O
3858	3858	3192	O
3859	3859	3192	D
3860	3860	3193	O
3861	3861	3194	O
3862	3862	3195	O
3863	3863	3196	O
3864	3864	3196	D
3865	3865	3197	O
3866	3866	3197	D
3868	3868	3199	O
3869	3869	3200	O
3870	3870	3201	O
3871	3871	3201	D
3872	3872	3202	O
3873	3873	3203	O
3874	3874	3204	O
3875	3875	3205	O
3876	3876	3205	D
3877	3877	3206	O
3880	3880	3208	O
3881	3881	3209	O
3882	3882	3209	D
3883	3883	3210	O
3884	3884	3211	O
3885	3885	3212	O
3886	3886	3213	O
3887	3887	3214	O
3888	3888	3214	D
3890	3890	3216	O
3891	3891	3217	O
3892	3892	3218	O
3893	3893	3219	O
3894	3894	3220	O
3895	3895	3220	D
3896	3896	3221	O
3897	3897	3222	O
3898	3898	3223	O
3899	3899	3224	O
3900	3900	3225	O
3901	3901	3225	D
3902	3902	3226	O
3903	3903	3227	O
3904	3904	3228	O
3905	3905	3228	D
3906	3906	3229	O
3907	3907	3230	O
3908	3908	3231	O
3909	3909	3231	D
3910	3910	3232	O
3911	3911	3233	O
3912	3912	3234	O
3913	3913	3235	O
3914	3914	3236	O
3915	3915	3237	O
3916	3916	3238	O
3917	3917	3238	D
3918	3918	3239	O
3919	3919	3240	O
3920	3920	3241	O
3921	3921	3242	O
3922	3922	3243	O
3923	3923	3243	D
3924	3924	3244	O
3925	3925	3245	O
3926	3926	3246	O
3927	3927	3247	O
3928	3928	3248	O
3929	3929	3249	O
3930	3930	3250	O
3931	3931	3250	D
3932	3932	3251	O
3933	3933	3251	D
3934	3934	3252	O
3935	3935	3253	O
3936	3936	3254	O
3937	3937	3254	D
3938	3938	3255	O
3939	3939	3256	O
3942	3942	3258	O
3943	3943	3259	O
3944	3944	3260	O
3945	3945	3260	D
3946	3946	3261	O
3947	3947	3262	O
3948	3948	3263	O
3949	3949	3263	D
3950	3950	3264	O
3951	3951	3264	D
3952	3952	3265	O
3953	3953	3266	O
3954	3954	3267	O
3955	3955	3267	D
3956	3956	3268	O
3957	3957	3268	D
3958	3958	3269	O
3959	3959	3270	O
3960	3960	3271	O
3961	3961	3272	O
3962	3962	3273	O
3963	3963	3274	O
3964	3964	3275	O
3965	3965	3276	O
3966	3966	3276	D
3967	3967	3277	O
3968	3968	3277	D
3969	3969	3278	O
3970	3970	3279	O
3971	3971	3280	O
3972	3972	3281	O
3973	3973	3282	O
3974	3974	3283	O
3975	3975	3284	O
3976	3976	3285	O
3977	3977	3286	O
3978	3978	3287	O
3979	3979	3288	O
3980	3980	3289	O
3981	3981	3290	O
3982	3982	3291	O
3983	3983	3292	O
3984	3984	3293	O
3985	3985	3294	O
3987	3987	3296	O
3988	3988	3297	O
3989	3989	3297	D
3990	3990	3298	O
3991	3991	3299	O
3992	3992	3300	O
3993	3993	3301	O
3994	3994	3302	O
3995	3995	3303	O
3996	3996	3304	O
3997	3997	3305	O
3998	3998	3306	O
3999	3999	3307	O
4000	4000	3308	O
4001	4001	3309	O
4002	4002	3310	O
4003	4003	3311	O
4004	4004	3312	O
4006	4006	3314	O
4007	4007	3315	O
4008	4008	3315	D
4009	4009	3316	O
4010	4010	3317	O
4011	4011	3318	O
4012	4012	3319	O
4013	4013	3320	O
4014	4014	3321	O
4015	4015	3322	O
4016	4016	3323	O
4017	4017	3323	D
4018	4018	3324	O
4019	4019	3325	O
4020	4020	3326	O
4021	4021	3327	O
4022	4022	3328	O
4023	4023	3328	D
4024	4024	3329	O
4025	4025	3329	D
4026	4026	3330	O
4027	4027	3331	O
4028	4028	3331	D
4029	4029	3332	O
4030	4030	3333	O
4031	4031	3334	O
4032	4032	3335	O
4033	4033	3336	O
4034	4034	3337	O
4035	4035	3337	D
4036	4036	3338	O
4037	4037	3339	O
4040	4040	3342	O
4041	4041	3342	D
4042	4042	3343	O
4043	4043	3344	O
4044	4044	3345	O
4046	4046	3346	O
4047	4047	3346	D
4048	4048	3347	O
4049	4049	3348	O
4050	4050	3349	O
4051	4051	3350	O
4052	4052	3350	D
4053	4053	3351	O
4054	4054	3352	O
4055	4055	3353	O
4056	4056	3354	O
4057	4057	3355	O
4059	4059	3357	O
4060	4060	3358	O
4061	4061	3359	O
4062	4062	3360	O
4063	4063	3361	O
4064	4064	3361	D
4065	4065	3362	O
4066	4066	3363	O
4067	4067	3364	O
4068	4068	3365	O
4069	4069	3366	O
4070	4070	3366	D
4071	4071	3367	O
4072	4072	3367	D
4073	4073	3368	O
4074	4074	3368	D
4075	4075	3369	O
4076	4076	3370	O
4077	4077	3371	O
4078	4078	3372	O
4079	4079	3373	O
4080	4080	3374	O
4081	4081	3375	O
4082	4082	3376	O
4083	4083	3377	O
4084	4084	3378	O
4085	4085	3378	D
4086	4086	3379	O
4087	4087	3380	O
4088	4088	3381	O
4089	4089	3381	D
4090	4090	3382	O
4091	4091	3383	O
4092	4092	3384	O
4093	4093	3385	O
4094	4094	3386	O
4095	4095	3387	O
4096	4096	3387	D
4098	4098	3389	O
4099	4099	3390	O
4100	4100	3391	O
4101	4101	3392	O
4102	4102	3393	O
4103	4103	3393	D
4104	4104	3394	O
4105	4105	3395	O
4106	4106	3396	O
4107	4107	3397	O
4108	4108	3398	O
4109	4109	3399	O
4112	4112	3401	O
4113	4113	3402	O
4114	4114	3403	O
4115	4115	3404	O
4116	4116	3405	O
4117	4117	3406	O
4118	4118	3407	O
4119	4119	3408	O
4120	4120	3408	D
4121	4121	3409	O
4122	4122	3410	O
4123	4123	3410	D
4124	4124	3411	O
4125	4125	3412	O
4126	4126	3413	O
4127	4127	3413	D
4129	4129	3415	O
4131	4131	3417	O
4132	4132	3418	O
4133	4133	3418	D
4134	4134	3419	O
4136	4136	3421	O
4137	4137	3422	O
4138	4138	3423	O
4139	4139	3424	O
4140	4140	3425	O
4141	4141	3426	O
4142	4142	3427	O
4143	4143	3428	O
4144	4144	3428	D
4145	4145	3429	O
4146	4146	3430	O
4147	4147	3431	O
4148	4148	3431	D
4149	4149	3432	O
4150	4150	3432	D
4151	4151	3433	O
4152	4152	3433	D
4153	4153	3434	O
4154	4154	3434	D
4155	4155	3435	O
4156	4156	3436	O
4157	4157	3437	O
4158	4158	3438	O
4159	4159	3438	D
4160	4160	3439	O
4161	4161	3440	O
4163	4163	3442	O
4164	4164	3443	O
4165	4165	3444	O
4166	4166	3445	O
4167	4167	3446	O
4169	4169	3448	O
4170	4170	3448	D
4171	4171	3449	O
4172	4172	3450	O
4173	4173	3451	O
4174	4174	3452	O
4175	4175	3453	O
4176	4176	3454	O
4177	4177	3455	O
4178	4178	3456	O
4179	4179	3457	O
4180	4180	3458	O
4181	4181	3459	O
4182	4182	3460	O
4183	4183	3460	D
4184	4184	3461	O
4185	4185	3462	O
4186	4186	3463	O
4187	4187	3464	O
4188	4188	3465	O
4189	4189	3466	O
4190	4190	3467	O
4191	4191	3468	O
4192	4192	3469	O
4193	4193	3470	O
4194	4194	3471	O
4195	4195	3471	D
4196	4196	3472	O
4198	4198	3474	O
4199	4199	3474	D
4201	4201	3476	O
4202	4202	3476	D
4203	4203	3477	O
4204	4204	3477	D
4205	4205	3478	O
4206	4206	3479	O
4207	4207	3480	O
4209	4209	3482	O
4210	4210	3483	O
4211	4211	3484	O
4212	4212	3485	O
4213	4213	3486	O
4214	4214	3486	D
4215	4215	3487	O
4217	4217	3489	O
4218	4218	3490	O
4219	4219	3491	O
4220	4220	3492	O
4221	4221	3493	O
4222	4222	3494	O
4223	4223	3495	O
4224	4224	3496	O
4225	4225	3497	O
4226	4226	3498	O
4227	4227	3499	O
4229	4229	3501	O
4230	4230	3502	O
4231	4231	3503	O
4232	4232	3504	O
4233	4233	3505	O
4234	4234	3506	O
4235	4235	3507	O
4236	4236	3508	O
4237	4237	3509	O
4238	4238	3510	O
4239	4239	3511	O
4240	4240	3512	O
4241	4241	3513	O
4242	4242	3513	D
4243	4243	3514	O
4244	4244	3515	O
4245	4245	3515	D
4246	4246	3516	O
4247	4247	3517	O
4248	4248	3518	O
4249	4249	3519	O
4250	4250	3520	O
4251	4251	3521	O
4252	4252	3521	D
4253	4253	3522	O
4254	4254	3523	O
4255	4255	3524	O
4256	4256	3525	O
4257	4257	3526	O
4258	4258	3527	O
4259	4259	3528	O
4260	4260	3529	O
4261	4261	3530	O
4262	4262	3531	O
4263	4263	3532	O
4264	4264	3533	O
4265	4265	3534	O
4266	4266	3535	O
4267	4267	3536	O
4268	4268	3536	D
4269	4269	3537	O
4270	4270	3538	O
4271	4271	3538	D
4272	4272	3539	O
4273	4273	3540	O
4274	4274	3541	O
4275	4275	3542	O
4276	4276	3543	O
4277	4277	3543	D
4278	4278	3544	O
4279	4279	3545	O
4280	4280	3546	O
4281	4281	3547	O
4282	4282	3548	O
4283	4283	3549	O
4284	4284	3550	O
4285	4285	3550	D
4286	4286	3551	O
4287	4287	3552	O
4288	4288	3553	O
4289	4289	3554	O
4290	4290	3555	O
4291	4291	3556	O
4292	4292	3557	O
4293	4293	3558	O
4294	4294	3558	D
4295	4295	3559	O
4296	4296	3560	O
4297	4297	3560	D
4298	4298	3561	O
4299	4299	3562	O
4300	4300	3563	O
4301	4301	3564	O
4302	4302	3565	O
4303	4303	3566	O
4304	4304	3567	O
4305	4305	3568	O
4306	4306	3568	D
4307	4307	3569	O
4308	4308	3570	O
4309	4309	3571	O
4310	4310	3572	O
4311	4311	3573	O
4312	4312	3574	O
4313	4313	3575	O
4314	4314	3576	O
4315	4315	3577	O
4316	4316	3578	O
4317	4317	3579	O
4318	4318	3580	O
4319	4319	3580	D
4320	4320	3581	O
4321	4321	3582	O
4322	4322	3582	D
4323	4323	3583	O
4324	4324	3583	D
4325	4325	3584	O
4326	4326	3585	O
4327	4327	3585	D
4328	4328	3586	O
4329	4329	3587	O
4330	4330	3588	O
4331	4331	3589	O
4332	4332	3590	O
4333	4333	3591	O
4334	4334	3591	D
4335	4335	3592	O
4336	4336	3593	O
4337	4337	3594	O
4338	4338	3595	O
4339	4339	3596	O
4340	4340	3597	O
4341	4341	3598	O
4342	4342	3599	O
4343	4343	3600	O
4344	4344	3601	O
4345	4345	3602	O
4346	4346	3603	O
4347	4347	3604	O
4348	4348	3605	O
4349	4349	3606	O
4350	4350	3606	D
4352	4352	3608	O
4353	4353	3609	O
4354	4354	3609	D
4355	4355	3610	O
4358	4358	3612	O
4359	4359	3613	O
4360	4360	3614	O
4361	4361	3615	O
4362	4362	3616	O
4363	4363	3616	D
4364	4364	3617	O
4365	4365	3618	O
4367	4367	3620	O
4368	4368	3621	O
4369	4369	3622	O
4370	4370	3623	O
4371	4371	3624	O
4372	4372	3625	O
4373	4373	3626	O
4376	4376	3628	O
4377	4377	3629	O
4380	4380	3631	O
4381	4381	3632	O
4382	4382	3633	O
4383	4383	3634	O
4384	4384	3635	O
4385	4385	3636	O
4386	4386	3637	O
4387	4387	3638	O
4388	4388	3639	O
4389	4389	3640	O
4390	4390	3641	O
4393	4393	3643	O
4394	4394	3644	O
4395	4395	3645	O
4396	4396	3646	O
4397	4397	3646	D
4398	4398	3647	O
4399	4399	3648	O
4400	4400	3649	O
4401	4401	3650	O
4402	4402	3651	O
4403	4403	3652	O
4404	4404	3653	O
4405	4405	3654	O
4406	4406	3655	O
4407	4407	3656	O
4408	4408	3657	O
4409	4409	3657	D
4410	4410	3658	O
4411	4411	3659	O
4412	4412	3659	D
4413	4413	3660	O
4414	4414	3661	O
4415	4415	3662	O
4416	4416	3663	O
4417	4417	3664	O
4418	4418	3665	O
4420	4420	3667	O
4421	4421	3668	O
4422	4422	3669	O
4423	4423	3670	O
4424	4424	3671	O
4425	4425	3671	D
4426	4426	3672	O
4427	4427	3673	O
4428	4428	3674	O
4429	4429	3675	O
4430	4430	3675	D
4431	4431	3676	O
4432	4432	3677	O
4433	4433	3678	O
4434	4434	3679	O
4435	4435	3679	D
4436	4436	3680	O
4437	4437	3681	O
4438	4438	3681	D
4439	4439	3682	O
4440	4440	3683	O
4441	4441	3683	D
4442	4442	3684	O
4444	4444	3686	O
4445	4445	3686	D
4446	4446	3687	O
4447	4447	3687	D
4448	4448	3688	O
4449	4449	3689	O
4450	4450	3690	O
4451	4451	3691	O
4452	4452	3692	O
4453	4453	3693	O
4454	4454	3693	D
4455	4455	3694	O
4456	4456	3695	O
4457	4457	3696	O
4458	4458	3697	O
4459	4459	3698	O
4460	4460	3698	D
4461	4461	3699	O
4462	4462	3700	O
4463	4463	3701	O
4464	4464	3702	O
4465	4465	3703	O
4466	4466	3704	O
4467	4467	3705	O
4468	4468	3705	D
4469	4469	3706	O
4471	4471	3708	O
4472	4472	3709	O
4473	4473	3710	O
4474	4474	3711	O
4476	4476	3712	O
4477	4477	3713	O
4478	4478	3713	D
4479	4479	3714	O
4480	4480	3715	O
4481	4481	3716	O
4482	4482	3717	O
4483	4483	3718	O
4484	4484	3719	O
4485	4485	3720	O
4486	4486	3720	D
4487	4487	3721	O
4488	4488	3721	D
4489	4489	3722	O
4490	4490	3722	D
4491	4491	3723	O
4492	4492	3724	O
4493	4493	3725	O
4494	4494	3726	O
4495	4495	3727	O
4496	4496	3728	O
4497	4497	3728	D
4498	4498	3729	O
4499	4499	3729	D
4500	4500	3730	O
4501	4501	3731	O
4502	4502	3732	O
4503	4503	3732	D
4504	4504	3733	O
4505	4505	3733	D
4506	4506	3734	O
4507	4507	3735	O
4508	4508	3736	O
4509	4509	3736	D
4510	4510	3737	O
4511	4511	3738	O
4512	4512	3739	O
4514	4514	3741	O
4515	4515	3742	O
4516	4516	3743	O
4518	4518	3745	O
4519	4519	3746	O
4520	4520	3747	O
4521	4521	3748	O
4522	4522	3749	O
4523	4523	3749	D
4524	4524	3750	O
4525	4525	3750	D
4526	4526	3751	O
4527	4527	3752	O
4528	4528	3753	O
4529	4529	3754	O
4530	4530	3754	D
4531	4531	3755	O
4532	4532	3756	O
4533	4533	3757	O
4534	4534	3758	O
4535	4535	3759	O
4536	4536	3760	O
4539	4539	3763	O
4540	4540	3764	O
4541	4541	3765	O
4542	4542	3766	O
4543	4543	3767	O
4544	4544	3768	O
4545	4545	3769	O
4546	4546	3770	O
4547	4547	3771	O
4548	4548	3772	O
4549	4549	3773	O
4550	4550	3774	O
4551	4551	3775	O
4552	4552	3775	D
4553	4553	3776	O
4554	4554	3777	O
4555	4555	3778	O
4556	4556	3779	O
4557	4557	3780	O
4558	4558	3780	D
4559	4559	3781	O
4560	4560	3782	O
4561	4561	3783	O
4562	4562	3784	O
4563	4563	3785	O
4564	4564	3785	D
4565	4565	3786	O
4567	4567	3787	O
4568	4568	3788	O
4569	4569	3789	O
4570	4570	3790	O
4571	4571	3791	O
4572	4572	3792	O
4573	4573	3793	O
4574	4574	3794	O
4575	4575	3795	O
4576	4576	3796	O
4577	4577	3797	O
4578	4578	3798	O
4579	4579	3799	O
4580	4580	3800	O
4581	4581	3801	O
4582	4582	3802	O
4583	4583	3803	O
4584	4584	3804	O
4585	4585	3805	O
4586	4586	3805	D
4587	4587	3806	O
4588	4588	3807	O
4589	4589	3808	O
4590	4590	3809	O
4591	4591	3810	O
4592	4592	3811	O
4593	4593	3812	O
4594	4594	3813	O
4595	4595	3813	D
4596	4596	3814	O
4597	4597	3815	O
4598	4598	3816	O
4599	4599	3816	D
4600	4600	3817	O
4601	4601	3818	O
4602	4602	3818	D
4603	4603	3819	O
4604	4604	3820	O
4605	4605	3821	O
4606	4606	3822	O
4607	4607	3823	O
4608	4608	3824	O
4609	4609	3825	O
4610	4610	3826	O
4611	4611	3827	O
4612	4612	3828	O
4615	4615	3830	O
4617	4617	3832	O
4618	4618	3832	D
4619	4619	3833	O
4620	4620	3834	O
4621	4621	3834	D
4622	4622	3835	O
4623	4623	3836	O
4624	4624	3837	O
4625	4625	3837	D
4626	4626	3838	O
4627	4627	3839	O
4628	4628	3839	D
4629	4629	3840	O
4630	4630	3840	D
4631	4631	3841	O
4632	4632	3842	O
4633	4633	3843	O
4634	4634	3844	O
4635	4635	3844	D
4636	4636	3845	O
4637	4637	3846	O
4638	4638	3847	O
4639	4639	3848	O
4640	4640	3849	O
4641	4641	3850	O
4642	4642	3850	D
4643	4643	3851	O
4644	4644	3852	O
4647	4647	3854	O
4648	4648	3855	O
4649	4649	3856	O
4650	4650	3857	O
4651	4651	3858	O
4652	4652	3859	O
4653	4653	3860	O
4654	4654	3861	O
4655	4655	3861	D
4656	4656	3862	O
4657	4657	3863	O
4658	4658	3864	O
4659	4659	3865	O
4660	4660	3866	O
4661	4661	3867	O
4662	4662	3868	O
4663	4663	3869	O
4664	4664	3870	O
4665	4665	3871	O
4666	4666	3871	D
4667	4667	3872	O
4668	4668	3872	D
4670	4670	3874	O
4671	4671	3874	D
4672	4672	3875	O
4673	4673	3876	O
4674	4674	3877	O
4675	4675	3878	O
4677	4677	3880	O
4678	4678	3881	O
4679	4679	3882	O
4680	4680	3883	O
4681	4681	3884	O
4682	4682	3884	D
4683	4683	3885	O
4684	4684	3886	O
4685	4685	3887	O
4686	4686	3888	O
4687	4687	3889	O
4688	4688	3889	D
4689	4689	3890	O
4690	4690	3891	O
4691	4691	3891	D
4692	4692	3892	O
4693	4693	3893	O
4694	4694	3893	D
4695	4695	3894	O
4696	4696	3894	D
4697	4697	3895	O
4698	4698	3896	O
4699	4699	3897	O
4700	4700	3898	O
4701	4701	3899	O
4704	4704	3901	O
4705	4705	3902	O
4706	4706	3903	O
4707	4707	3903	D
4708	4708	3904	O
4709	4709	3905	O
4710	4710	3906	O
4711	4711	3906	D
4712	4712	3907	O
4713	4713	3908	O
4714	4714	3908	D
4715	4715	3909	O
4716	4716	3910	O
4717	4717	3911	O
4718	4718	3912	O
4719	4719	3913	O
4720	4720	3914	O
4721	4721	3915	O
4722	4722	3916	O
4723	4723	3917	O
4724	4724	3918	O
4725	4725	3919	O
4726	4726	3919	D
4727	4727	3920	O
4728	4728	3920	D
4729	4729	3921	O
4730	4730	3922	O
4731	4731	3923	O
4732	4732	3924	O
4733	4733	3925	O
4734	4734	3926	O
4735	4735	3926	D
4736	4736	3927	O
4737	4737	3928	O
4739	4739	3930	O
4740	4740	3931	O
4741	4741	3932	O
4742	4742	3933	O
4743	4743	3933	D
4744	4744	3934	O
4745	4745	3935	O
4746	4746	3936	O
4747	4747	3937	O
4748	4748	3937	D
4749	4749	3938	O
4750	4750	3939	O
4751	4751	3940	O
4752	4752	3941	O
4753	4753	3941	D
4754	4754	3942	O
4755	4755	3943	O
4756	4756	3944	O
4757	4757	3944	D
4758	4758	3945	O
4759	4759	3945	D
4760	4760	3946	O
4761	4761	3946	D
4762	4762	3947	O
4763	4763	3948	O
4764	4764	3949	O
4765	4765	3950	O
4766	4766	3951	O
4767	4767	3952	O
4768	4768	3953	O
4769	4769	3954	O
4770	4770	3954	D
4771	4771	3955	O
4772	4772	3956	O
4773	4773	3957	O
4774	4774	3958	O
4775	4775	3958	D
4776	4776	3959	O
4777	4777	3960	O
4778	4778	3960	D
4779	4779	3961	O
4780	4780	3962	O
4781	4781	3963	O
4782	4782	3964	O
4783	4783	3965	O
4784	4784	3966	O
4785	4785	3966	D
4786	4786	3967	O
4787	4787	3968	O
4788	4788	3969	O
4789	4789	3970	O
4790	4790	3971	O
4791	4791	3972	O
4792	4792	3973	O
4793	4793	3974	O
4794	4794	3975	O
4795	4795	3976	O
4796	4796	3977	O
4797	4797	3978	O
4798	4798	3979	O
4799	4799	3980	O
4800	4800	3980	D
4801	4801	3981	O
4802	4802	3982	O
4803	4803	3983	O
4804	4804	3984	O
4805	4805	3985	O
4806	4806	3986	O
4807	4807	3987	O
4808	4808	3988	O
4809	4809	3989	O
4810	4810	3989	D
4811	4811	3990	O
4812	4812	3991	O
4813	4813	3992	O
4814	4814	3993	O
4815	4815	3994	O
4816	4816	3994	D
4817	4817	3995	O
4818	4818	3996	O
4819	4819	3997	O
4820	4820	3998	O
4821	4821	3999	O
4822	4822	3999	D
4823	4823	4000	O
4824	4824	4001	O
4826	4826	4003	O
4831	4831	4008	O
4832	4832	4009	O
4833	4833	4010	O
4836	4836	4013	O
4837	4837	4014	O
4853	4853	4026	O
4861	4861	4033	O
4862	4862	4034	O
4863	4863	4035	O
4877	4877	4047	O
4882	4882	4052	O
4886	4886	4055	O
4892	4892	4059	O
4901	4901	4066	O
4904	4904	4069	O
4906	4906	4071	O
4907	4907	4071	D
4915	4915	4078	O
4916	4916	4079	O
4918	4918	4081	O
4919	4919	4082	O
4923	4923	4086	O
4925	4925	4088	O
4927	4927	4090	O
4928	4928	4091	O
4929	4929	4092	O
4930	4930	4093	O
4937	4937	4099	O
4941	4941	4102	O
4942	4942	4103	O
4944	4944	4105	O
4949	4949	4109	O
4956	4956	4116	O
4959	4959	4119	O
4961	4961	4121	O
4968	4968	4127	O
4969	4969	4128	O
4972	4972	4130	O
4974	4974	4131	O
4975	4975	4131	D
4976	4976	4132	O
4979	4979	4134	O
4989	4989	4140	O
4992	4992	4143	O
4993	4993	4144	O
4994	4994	4144	D
5002	5002	4150	O
5010	5010	4156	O
5012	5012	4158	O
5013	5013	4159	O
5016	5016	4161	O
5028	5028	4171	O
5030	5030	4173	O
5046	5046	4186	O
5050	5050	4190	O
5056	5056	4195	O
5067	5067	4204	O
5072	5072	4208	O
5081	5081	4214	O
5093	5093	4225	O
5107	5107	4237	O
5108	5108	4237	D
5111	5111	4240	O
5117	5117	4245	O
5126	5126	4253	O
5127	5127	4254	O
5128	5128	4255	O
5132	5132	4258	O
5133	5133	4259	O
5134	5134	4260	O
5137	5137	4263	O
5138	5138	4264	O
5141	5141	4266	O
5143	5143	4268	O
5144	5144	4268	D
5145	5145	4269	O
5149	5149	4273	O
5152	5152	4276	O
5159	5159	4283	O
5163	5163	4286	O
5164	5164	4287	O
5171	5171	4293	O
5175	5175	4296	O
5180	5180	4301	O
5189	5189	4309	O
5200	5200	4318	O
5201	5201	4318	D
5203	5203	4320	O
5204	5204	4321	O
5212	5212	4328	O
5213	5213	4329	O
5214	5214	4330	O
5215	5215	4330	D
5217	5217	4332	O
5223	5223	4336	O
5224	5224	4337	O
5232	5232	4342	O
5233	5233	4343	O
5236	5236	4346	O
5237	5237	4347	O
5240	5240	4349	O
5241	5241	4350	O
5243	5243	4352	O
5245	5245	4354	O
5246	5246	4355	O
5247	5247	4356	O
5249	5249	4358	O
5253	5253	4361	O
5254	5254	4361	D
5263	5263	4368	O
5273	5273	4375	O
5275	5275	4377	O
5277	5277	4379	O
5281	5281	4383	O
5283	5283	4385	O
5284	5284	4386	O
5287	5287	4389	O
5308	5308	4405	O
5312	5312	4408	O
5313	5313	4408	D
5318	5318	4413	O
5319	5319	4413	D
5320	5320	4414	O
5321	5321	4414	D
5322	5322	4415	O
5323	5323	4416	O
5325	5325	4418	O
5326	5326	4418	D
5333	5333	4423	O
5334	5334	4424	O
5337	5337	4427	O
5338	5338	4427	D
5347	5347	4434	O
5352	5352	4437	O
5353	5353	4438	O
5354	5354	4439	O
5358	5358	4442	O
5362	5362	4445	O
5364	5364	4447	O
5365	5365	4447	D
5366	5366	4448	O
5367	5367	4448	D
5374	5374	4454	O
5376	5376	4456	O
5379	5379	4458	O
5384	5384	4462	O
5385	5385	4463	O
5389	5389	4467	O
5392	5392	4470	O
5393	5393	4471	O
5395	5395	4473	O
5397	5397	4475	O
5398	5398	4475	D
5399	5399	4476	O
5402	5402	4478	O
5404	5404	4480	O
5409	5409	4484	O
5413	5413	4488	O
5420	5420	4493	O
5433	5433	4503	O
5441	5441	4511	O
5445	5445	4514	O
5450	5450	4519	O
5460	5460	4526	O
5461	5461	4527	O
5462	5462	4527	D
5468	5468	4533	O
5469	5469	4534	O
5472	5472	4537	O
5473	5473	4538	O
5478	5478	4543	O
5487	5487	4550	O
5517	5517	4576	O
5521	5521	4580	O
5526	5526	4585	O
5527	5527	4585	D
5530	5530	4588	O
5531	5531	4589	O
5539	5539	4596	O
5563	5563	4616	O
5565	5565	4618	O
5574	5574	4626	O
5579	5579	4631	O
5580	5580	4631	D
5606	5606	4650	O
5617	5617	4659	O
5618	5618	4660	O
5642	5642	4681	O
5684	5684	4715	O
5699	5699	4725	O
5701	5701	4727	O
5704	5704	4729	O
5722	5722	4743	O
5727	5727	4746	O
5736	5736	4753	O
5753	5753	4768	O
5760	5760	4774	O
5761	5761	4774	D
5774	5774	4784	O
5775	5775	4784	D
5788	5788	4794	O
5801	5801	4803	O
5826	5826	4825	O
5827	5827	4825	D
5858	5858	4851	O
5859	5859	4851	D
5860	5860	4852	O
5866	5866	4858	O
5873	5873	4863	O
5911	5911	4894	O
5928	5928	4907	O
5965	5965	4937	O
5977	5977	4948	O
5978	5978	4949	O
6001	6001	4969	O
6015	6015	4981	O
6033	6033	4994	O
6034	6034	4995	O
6039	6039	4999	O
6040	6040	4999	D
6042	6042	5001	O
6052	6052	5011	O
6067	6067	5024	O
6077	6077	5033	O
6112	6112	5063	O
6114	6114	5065	O
6115	6115	5066	O
6122	6122	5072	O
6144	6144	5092	O
6175	6175	5118	O
6178	6178	5120	O
6183	6183	5125	O
6185	6185	5126	O
6186	6186	5126	D
6191	6191	5129	O
6196	6196	5133	O
6235	6235	5164	O
6255	6255	5180	O
6256	6256	5180	D
6257	6257	5181	O
6272	6272	5194	O
6275	6275	5196	O
6299	6299	5213	O
6301	6301	5215	O
6317	6317	5228	O
6318	6318	5228	D
6342	6342	5250	O
6349	6349	5256	O
6359	6359	5263	O
6363	6363	5267	O
6366	6366	5269	O
6367	6367	5270	O
6383	6383	5283	O
6391	6391	5290	O
6408	6408	5305	O
6417	6417	5313	O
6422	6422	5317	O
6452	6452	5343	O
6468	6468	5357	O
6469	6469	5358	O
6473	6473	5362	O
6474	6474	5362	D
6478	6478	5366	O
6481	6481	5369	O
6485	6485	5372	O
6499	6499	5385	O
6501	6501	5387	O
6511	6511	5395	O
6544	6544	5422	O
6545	6545	5422	D
6546	6546	5423	O
6551	6551	5428	O
6552	6552	5429	O
6567	6567	5442	O
6571	6571	5445	O
6604	6604	5472	O
6610	6610	5477	O
6616	6616	5481	O
6619	6619	5483	O
6644	6644	5505	O
6691	6691	5541	O
6698	6698	5546	O
6729	6729	5572	O
6731	6731	5574	O
6749	6749	5591	O
6750	6750	5591	D
6753	6753	5593	O
6764	6764	5602	O
6789	6789	5622	O
6798	6798	5628	O
6803	6803	5632	O
6804	6804	5632	D
6827	6827	5648	O
6829	6829	5650	O
6844	6844	5661	O
6886	6886	5692	O
6892	6892	5698	O
6893	6893	5698	D
6895	6895	5700	O
6906	6906	5708	O
6922	6922	5724	O
6924	6924	5726	O
6936	6936	5735	O
6944	6944	5740	O
6946	6946	5742	O
6967	6967	5758	O
6978	6978	5767	O
6987	6987	5774	O
7010	7010	5794	O
7011	7011	5794	D
7043	7043	5817	O
7065	7065	5837	O
7100	7100	5868	O
7102	7102	5870	O
7112	7112	5878	O
7127	7127	5891	O
7150	7150	5912	O
7166	7166	5927	O
7186	7186	5944	O
7195	7195	5952	O
7234	7234	5984	O
7241	7241	5991	O
7286	7286	6030	O
7291	7291	6034	O
7299	7299	6040	O
7311	7311	6051	O
7324	7324	6061	O
7325	7325	6062	O
7327	7327	6064	O
7339	7339	6075	O
7348	7348	6083	O
7366	7366	6097	O
7390	7390	6118	O
7411	7411	6138	O
7412	7412	6138	D
7422	7422	6148	O
7423	7423	6148	D
7434	7434	6157	O
7435	7435	6158	O
7521	7521	6226	O
7567	7567	6265	O
7576	7576	6273	O
7586	7586	6281	O
7594	7594	6289	O
7614	7614	6306	O
7632	7632	6321	O
7672	7672	6353	O
7678	7678	6358	O
7683	7683	6363	O
7723	7723	6397	O
7724	7724	6397	D
7727	7727	6400	O
7753	7753	6425	O
7765	7765	6434	O
7772	7772	6440	O
7787	7787	6453	O
7796	7796	6461	O
7797	7797	6461	D
7800	7800	6463	O
7814	7814	6472	O
7815	7815	6473	O
7843	7843	6495	O
7855	7855	6505	O
7862	7862	6510	O
7863	7863	6511	O
7864	7864	6512	O
7914	7914	6555	O
7959	7959	6592	O
7970	7970	6602	O
7980	7980	6609	O
8013	8013	6636	O
8030	8030	6649	O
8064	8064	6678	O
8074	8074	6686	O
8076	8076	6688	O
8089	8089	6699	O
8091	8091	6701	O
8096	8096	6706	O
8105	8105	6715	O
8130	8130	6738	O
8200	8200	6792	O
8217	8217	6806	O
8276	8276	6856	O
8287	8287	6866	O
8295	8295	6872	O
8327	8327	6897	O
8333	8333	6902	O
8342	8342	6910	O
8356	8356	6922	O
8359	8359	6924	O
8362	8362	6927	O
8366	8366	6930	O
8392	8392	6950	O
8393	8393	6950	D
8432	8432	6985	O
8433	8433	6985	D
8463	8463	7011	O
8489	8489	7033	O
8502	8502	7045	O
8506	8506	7049	O
8510	8510	7052	O
8548	8548	7082	O
8568	8568	7099	O
8571	8571	7101	O
8598	8598	7123	O
8610	8610	7133	O
8611	8611	7133	D
8615	8615	7136	O
8636	8636	7156	O
8661	8661	7176	O
8666	8666	7180	O
8667	8667	7181	O
8670	8670	7184	O
8677	8677	7190	O
8678	8678	7190	D
8692	8692	7203	O
8726	8726	7231	O
8737	8737	7240	O
8738	8738	7240	D
8764	8764	7262	O
8777	8777	7274	O
8865	9173	7401	O
8866	9174	7401	D
8888	9196	7418	O
8894	9202	7424	O
8909	9217	7437	O
8918	9226	7445	O
8923	9231	7449	O
8928	9236	7454	O
8942	9250	7465	O
8965	9273	7485	O
8966	9274	7485	D
8968	9276	7487	O
9005	9313	7520	O
9008	9316	7523	O
9032	9340	7542	O
9038	9346	7546	O
9054	9362	7559	O
9058	9366	7562	O
9062	9370	7565	O
9095	9403	7594	O
9109	9417	7606	O
9110	9418	7607	O
9111	9419	7607	D
9119	9427	7614	O
9120	9428	7614	D
9125	9433	7618	O
9142	9450	7632	O
9143	9451	7632	D
9148	9456	7636	O
9149	9457	7637	O
9150	9458	7637	D
9197	9505	7674	O
9238	9546	7713	O
9247	9555	7721	O
9261	9569	7733	O
9274	9582	7745	O
9285	9593	7753	O
9298	9606	7765	O
9303	9611	7769	O
9308	9616	7774	O
9333	9641	7795	O
9334	9642	7795	D
9355	9663	7815	O
9356	9664	7815	D
9362	9670	7819	O
9367	9675	7824	O
9372	9680	7828	O
9394	9702	7844	O
9407	9715	7857	O
9409	9717	7859	O
9410	9718	7859	D
9413	9721	7861	O
9447	9755	7890	O
9452	9760	7894	O
9467	9775	7907	O
9468	9776	7907	D
9490	9798	7926	O
9512	9820	7944	O
9525	9833	7957	O
9526	9834	7957	D
9536	9844	7965	O
9537	9845	7965	D
9538	9846	7966	O
9564	9872	7990	O
9572	9880	7997	O
9606	9914	8026	O
9607	9915	8027	O
9621	9929	8038	O
9622	9930	8039	O
9625	9933	8041	O
9637	9945	8051	O
9638	9946	8051	D
9665	9973	8073	O
9679	9987	8085	O
9687	9995	8092	O
9689	9997	8094	O
9715	10023	8114	O
9732	10040	8127	O
9733	10041	8127	D
9735	10043	8129	O
9738	10046	8132	O
9758	10066	8149	O
9762	10070	8153	O
9767	10075	8158	O
9768	10076	8159	O
9769	10077	8159	D
9782	10090	8169	O
9787	10095	8173	O
9788	10096	8173	D
9837	10145	8212	O
9851	10159	8225	O
9890	10198	8260	O
9891	10199	8260	D
9892	10200	8261	O
9893	10201	8261	D
9901	10209	8268	O
9961	10269	8316	O
9965	10273	8320	O
9966	10274	8320	D
9967	10275	8321	O
9968	10276	8321	D
9974	10282	8327	O
9979	10287	8330	O
9980	10288	8330	D
9995	10303	8341	O
10042	10350	8377	O
10043	10351	8377	D
10047	10355	8381	O
10074	10382	8405	O
10081	10389	8411	O
10151	10459	8475	O
10167	10475	8489	O
10168	10476	8489	D
10171	10479	8492	O
10184	10492	8505	O
10202	10510	8519	O
10203	10511	8519	D
10209	10517	8523	O
10220	10528	8533	O
10235	10543	8547	O
10247	10555	8558	O
10255	10563	8564	O
10256	10564	8564	D
10258	10566	8566	O
10328	10636	8625	O
10331	10639	8628	O
10346	10654	8639	O
10354	10662	8645	O
10394	10702	8680	O
10395	10703	8680	D
10406	10714	8688	O
10438	10746	8713	O
10469	10777	8742	O
10470	10778	8742	D
10490	10798	8759	O
10505	10813	8772	O
10510	10818	8776	O
10520	10828	8784	O
10604	10912	8856	O
10652	10960	8896	O
10655	10963	8899	O
10679	10987	8919	O
10680	10988	8919	D
10689	10997	8926	O
10690	10998	8926	D
10696	11004	8931	O
10700	11008	8934	O
10726	11034	8957	O
10742	11050	8972	O
10755	11063	8982	O
10756	11064	8982	D
10775	11083	8998	O
10785	11093	9006	O
10797	11105	9017	O
10806	11114	9024	O
10813	11121	9030	O
10814	11122	9030	D
10815	11123	9031	O
10818	11126	9034	O
10822	11130	9037	O
10823	11131	9037	D
10828	11136	9041	O
10839	11147	9051	O
10841	11149	9052	O
10887	11195	9093	O
10900	11208	9104	O
10942	11250	9138	O
10944	11252	9140	O
10958	11266	9153	O
10959	11267	9153	D
10963	11271	9156	O
10966	11274	9159	O
10967	11275	9159	D
10978	11286	9167	O
10996	11304	9179	O
11006	11314	9188	O
11011	11319	9192	O
11019	11327	9199	O
11021	11329	9201	O
11023	11331	9203	O
11029	11337	9208	O
11051	11359	9225	O
11052	11360	9225	D
11054	11362	9227	O
11063	11371	9235	O
11064	11372	9236	O
11071	11379	9241	O
11072	11380	9241	D
11073	11381	9242	O
11097	11405	9263	O
11098	11406	9263	D
11101	11409	9265	O
11153	11461	9307	O
11183	11491	9333	O
11189	11497	9337	O
11208	11516	9353	O
11209	11517	9353	D
11237	11545	9377	O
11266	11574	9403	O
11288	11596	9422	O
11290	11598	9424	O
11301	11609	9433	O
11329	11637	9455	O
11330	11638	9455	D
11354	11662	9472	O
11368	11676	9484	O
11375	11683	9491	O
11377	11685	9493	O
11378	11686	9494	O
11379	11687	9494	D
11393	11701	9504	O
11401	11709	9510	O
11402	11710	9510	D
11405	11713	9513	O
11406	11714	9513	D
11424	11732	9528	O
11446	11754	9548	O
11447	11755	9549	O
11460	11768	9560	O
11486	11794	9583	O
11487	11795	9583	D
11496	11804	9591	O
11543	11851	9627	O
11547	11855	9631	O
11549	11857	9633	O
11552	11860	9635	O
11558	11866	9640	O
11559	11867	9640	D
11565	11873	9645	O
11566	11874	9646	O
11567	11875	9646	D
11578	11886	9656	O
11598	11906	9673	O
11599	11907	9673	D
11603	11911	9677	O
11635	11943	9703	O
11639	11947	9707	O
11668	11976	9730	O
11669	11977	9730	D
11670	11978	9731	O
11671	11979	9731	D
11695	12003	9750	O
11742	12050	9790	O
11743	12051	9790	D
11771	12079	9814	O
11784	12092	9826	O
11787	12095	9828	O
11794	12102	9833	O
11825	12133	9859	O
11836	12144	9869	O
11837	12145	9869	D
11855	12163	9883	O
11873	12181	9897	O
11912	12220	9928	O
11913	12221	9928	D
11995	12303	10001	O
12000	12308	10005	O
12016	12324	10018	O
12017	12325	10019	O
12020	12328	10022	O
12036	12344	10036	O
12050	12358	10049	O
12051	12359	10049	D
12068	12376	10063	O
12070	12378	10065	O
12074	12382	10068	O
12075	12383	10068	D
12088	12396	10079	O
12089	12397	10079	D
12108	12416	10093	O
12109	12417	10093	D
12124	12432	10105	O
12156	12464	10131	O
12160	12468	10134	O
12177	12485	10148	O
12182	12490	10152	O
12239	12547	10202	O
12253	12561	10215	O
12260	12568	10220	O
12269	12577	10227	O
12278	12586	10233	O
12291	12599	10243	O
12308	12616	10257	O
12317	12625	10266	O
12335	12643	10280	O
12354	12662	10297	O
12387	12695	10320	O
12418	12726	10343	O
12421	12729	10345	O
12422	12730	10345	D
12430	12738	10351	O
12431	12739	10351	D
12442	12750	10361	O
12446	12754	10364	O
12447	12755	10364	D
12448	12756	10365	O
12494	12802	10404	O
12502	12810	10411	O
12532	12840	10436	O
12535	12843	10439	O
12536	12844	10440	O
12542	12850	10445	O
12543	12851	10445	D
12551	12859	10451	O
12582	12890	10478	O
12600	12908	10493	O
12635	12943	10520	O
12678	12986	10558	O
12683	12991	10562	O
12736	13044	10607	O
12743	13051	10613	O
12763	13071	10630	O
12781	13089	10644	O
12782	13090	10645	O
12787	13095	10650	O
12790	13098	10652	O
12794	13102	10656	O
12805	13113	10663	O
12815	13123	10670	O
12826	13134	10679	O
12843	13151	10694	O
12863	13171	10710	O
12864	13172	10711	O
12882	13190	10728	O
12893	13201	10738	O
12923	13231	10762	O
12938	13246	10774	O
12952	13260	10788	O
12953	13261	10789	O
12954	13262	10789	D
12968	13276	10799	O
12977	13285	10807	O
12982	13290	10812	O
12983	13291	10812	D
13038	13346	10857	O
13072	13380	10884	O
13096	13404	10904	O
13097	13405	10905	O
13098	13406	10906	O
13104	13412	10911	O
13109	13417	10915	O
13139	13447	10940	O
13140	13448	10940	D
13143	13451	10942	O
13160	13468	10954	O
13161	13469	10954	D
13172	13480	10963	O
13182	13490	10973	O
13231	13539	11013	O
13240	13548	11021	O
13248	13556	11027	O
13268	13576	11042	O
13280	13588	11053	O
13282	13590	11054	O
13295	13603	11065	O
13300	13608	11069	O
13312	13620	11079	O
13332	13640	11096	O
13349	13657	11111	O
13350	13658	11111	D
13365	13673	11123	O
13379	13687	11135	O
13382	13690	11138	O
13386	13694	11141	O
13442	13750	11186	O
13443	13751	11186	D
13495	13803	11231	O
13512	13820	11244	O
13537	13845	11265	O
13544	13852	11271	O
13578	13886	11295	O
13604	13912	11317	O
13607	13915	11320	O
13613	13921	11325	O
13615	13923	11327	O
13616	13924	11328	O
13623	13931	11333	O
13647	13955	11349	O
13648	13956	11349	D
13660	13968	11359	O
13663	13971	11362	O
13690	13998	11382	O
