1	18	2015-03-24	M
2	1	2013-02-26	M
3	5	2017-07-07	M
4	12	2016-02-21	M
5	15	2017-05-30	M
6	51	2014-09-27	M
7	60	2016-11-24	M
8	57	2015-09-21	M
9	70	2013-01-27	M
10	54	2016-08-28	M
11	76	2015-10-10	M
12	21	2017-04-15	M
13	76	2017-08-17	M
14	47	2016-11-27	M
15	70	2013-10-02	M
16	12	2017-09-23	M
17	1	2017-01-08	M
18	43	2013-05-26	W
19	21	2015-04-07	M
20	74	2016-08-24	M
21	54	2017-12-06	M
22	1	2014-03-23	M
23	30	2013-05-22	M
24	74	2016-12-05	M
25	68	2016-07-28	M
26	52	2013-08-08	M
27	73	2013-09-26	M
29	7	2014-11-24	M
30	36	2015-03-04	M
31	68	2014-04-27	M
32	5	2015-08-28	M
33	22	2013-08-26	M
34	67	2013-09-17	W
35	75	2013-07-07	M
36	1	2013-07-01	M
37	20	2017-08-18	M
38	19	2017-08-08	W
39	36	2013-09-22	M
40	64	2013-10-25	M
41	72	2017-08-02	M
42	39	2016-08-16	M
43	36	2014-06-12	M
44	32	2013-05-10	M
45	64	2017-09-02	M
47	45	2013-08-08	M
48	21	2016-11-17	M
49	1	2017-04-06	M
50	1	2014-05-06	M
51	67	2016-05-11	M
52	16	2017-01-29	M
53	77	2015-06-07	M
54	4	2015-05-02	M
55	20	2016-02-19	M
56	50	2014-05-16	M
57	1	2015-05-21	M
58	29	2016-08-23	M
59	43	2014-03-27	M
61	70	2013-12-11	M
62	47	2013-03-28	M
63	22	2016-11-16	M
64	64	2017-03-11	M
65	36	2016-10-29	M
66	48	2013-12-03	T
67	16	2014-10-19	M
68	37	2014-12-20	T
69	64	2016-01-12	M
70	8	2015-02-18	M
71	1	2014-03-05	M
72	1	2016-06-20	W
73	72	2013-11-08	M
75	1	2015-08-13	M
76	52	2016-05-16	M
77	63	2016-11-19	M
78	74	2013-07-07	M
79	3	2016-11-29	M
80	43	2015-09-27	M
81	74	2016-07-18	M
82	26	2014-05-03	M
83	26	2013-04-16	M
84	44	2015-12-25	T
85	68	2017-03-23	M
86	54	2013-03-07	M
88	31	2016-07-03	M
89	68	2017-09-25	M
90	1	2014-07-13	M
91	17	2016-11-06	M
93	2	2016-06-12	M
95	1	2015-03-30	M
96	68	2013-02-18	M
97	74	2016-05-05	M
98	55	2017-05-02	M
99	1	2015-06-27	M
100	41	2013-12-28	M
101	35	2016-04-16	M
102	11	2013-10-16	M
103	44	2016-03-10	M
104	37	2013-04-15	M
105	21	2017-07-10	M
106	63	2014-11-27	M
107	64	2013-11-05	M
108	53	2015-03-10	M
109	53	2017-04-20	M
110	36	2016-07-17	M
112	6	2013-03-12	M
113	55	2016-07-22	M
114	60	2017-03-14	M
115	68	2013-03-19	M
116	8	2016-03-21	M
117	31	2013-09-05	M
118	68	2017-09-18	M
119	27	2013-05-25	M
120	65	2015-06-16	W
121	55	2017-10-11	M
122	31	2016-10-30	M
123	21	2013-03-13	M
124	55	2017-12-28	M
125	2	2016-09-07	T
126	5	2013-10-23	M
127	29	2014-02-02	M
128	2	2013-02-19	M
129	74	2017-10-01	M
130	54	2017-02-12	M
131	52	2015-06-13	M
132	40	2016-05-11	T
133	64	2017-10-11	W
134	34	2017-12-10	M
135	75	2013-06-15	M
136	74	2016-05-14	M
137	70	2016-07-19	M
138	22	2015-09-19	M
139	38	2017-05-15	W
140	24	2016-06-25	M
141	38	2016-03-06	M
142	51	2013-02-15	M
143	21	2016-11-27	M
144	10	2017-04-03	W
145	31	2016-01-03	M
146	4	2013-09-02	M
148	8	2013-06-21	M
149	43	2017-11-16	M
150	73	2015-03-16	M
151	76	2013-09-06	M
152	1	2016-04-12	M
153	77	2013-09-19	M
154	46	2014-06-21	M
155	58	2015-11-07	M
156	64	2017-10-22	M
157	11	2017-03-28	M
158	37	2015-03-15	M
159	70	2017-02-11	M
160	23	2013-09-04	M
161	28	2014-07-04	M
162	60	2013-08-25	M
163	30	2013-01-27	M
164	60	2016-09-13	M
165	25	2013-06-01	M
166	17	2016-08-20	M
167	29	2016-02-26	W
168	31	2013-04-27	M
169	4	2015-09-28	M
170	59	2016-07-02	M
171	46	2016-06-08	M
172	13	2013-08-30	M
173	66	2013-11-26	M
174	52	2016-09-04	M
176	71	2016-08-12	W
177	1	2017-09-26	M
178	59	2017-09-06	M
179	1	2017-09-22	W
180	55	2013-12-14	W
181	21	2016-06-11	M
182	47	2016-08-24	M
183	43	2013-12-12	M
184	77	2016-02-21	M
185	32	2017-07-04	M
186	1	2013-07-29	W
187	5	2013-03-28	M
188	54	2013-04-20	M
189	76	2017-04-16	M
190	74	2015-03-02	M
191	41	2017-03-17	M
192	55	2013-01-08	M
193	69	2016-12-22	M
194	44	2016-08-01	M
195	70	2017-02-27	M
196	4	2013-11-14	M
197	1	2013-02-25	M
198	70	2013-10-25	M
199	70	2016-10-26	M
200	17	2014-07-03	M
201	63	2014-11-02	M
204	67	2016-01-13	M
205	1	2017-10-08	M
206	61	2015-04-08	M
207	2	2013-07-25	M
208	54	2016-03-27	M
209	37	2016-11-24	M
210	48	2016-03-17	M
211	28	2017-07-19	M
212	27	2013-01-20	W
213	73	2015-08-29	M
214	22	2017-03-09	M
215	31	2017-11-25	M
216	38	2014-05-16	M
217	77	2015-01-20	M
218	68	2016-02-06	M
219	28	2015-09-06	M
220	72	2013-04-09	M
221	19	2016-10-30	M
222	37	2013-03-15	M
223	39	2015-06-13	M
224	15	2016-10-27	M
225	1	2013-07-28	M
226	70	2017-02-23	M
227	27	2015-03-28	M
228	5	2013-09-28	M
229	1	2017-06-07	M
230	1	2016-02-26	M
231	22	2015-04-03	M
232	45	2017-11-29	M
234	73	2013-07-15	M
235	41	2013-10-06	M
236	72	2016-03-16	M
237	50	2014-03-25	M
238	6	2013-08-15	M
239	69	2013-03-01	W
240	72	2017-04-28	M
241	15	2016-09-29	M
242	69	2016-08-29	M
243	55	2013-11-06	W
244	24	2013-02-08	M
245	65	2013-11-25	M
246	65	2017-12-20	M
248	1	2015-04-02	M
249	28	2016-12-03	M
250	56	2017-05-10	M
251	74	2016-04-06	M
252	19	2016-12-26	M
253	46	2015-12-05	M
255	68	2016-11-03	M
256	37	2015-05-14	M
257	11	2015-11-05	M
258	64	2017-07-09	M
259	2	2013-10-28	M
260	24	2015-10-14	M
261	54	2016-10-07	M
262	75	2016-01-27	M
263	64	2017-01-03	W
264	15	2016-02-09	M
265	19	2016-07-05	M
266	47	2014-05-11	M
267	38	2015-04-26	M
268	3	2016-05-29	M
269	3	2016-08-30	M
270	27	2015-01-23	M
271	1	2016-08-13	M
272	11	2016-10-23	M
273	24	2013-07-11	T
274	76	2013-08-20	M
275	29	2016-01-02	M
276	38	2017-12-08	M
277	32	2014-05-01	T
278	73	2016-04-08	M
279	39	2013-04-14	M
280	25	2013-01-23	M
281	1	2016-10-27	M
282	69	2017-05-12	M
283	44	2016-04-18	M
284	54	2017-07-18	M
285	17	2015-05-08	M
286	71	2016-03-27	M
287	16	2013-10-27	M
288	25	2015-03-18	M
289	1	2014-03-17	M
290	56	2013-12-02	M
291	7	2017-06-08	M
292	49	2017-02-26	M
293	1	2017-05-04	M
294	7	2017-01-05	M
295	66	2017-11-23	M
296	49	2016-02-14	M
297	74	2016-09-08	M
298	35	2017-12-02	M
299	77	2013-04-05	M
300	1	2013-06-23	M
301	60	2015-09-10	M
302	7	2016-05-09	M
303	71	2016-07-25	M
304	4	2017-03-20	M
305	34	2016-10-18	M
306	16	2013-06-08	M
307	26	2017-08-07	M
308	61	2015-10-16	M
309	14	2017-04-25	M
311	50	2017-08-08	M
312	41	2016-01-03	M
313	73	2016-07-06	M
314	15	2016-01-26	T
315	45	2017-12-08	M
316	62	2017-05-08	M
317	76	2013-03-10	M
318	36	2014-09-16	M
319	47	2015-10-17	W
320	47	2017-01-23	M
321	47	2013-11-11	M
322	1	2013-02-20	M
323	52	2017-02-23	M
324	1	2016-08-23	M
325	75	2016-10-06	M
326	61	2017-08-06	M
327	54	2013-06-02	M
328	1	2017-09-18	M
329	3	2016-10-19	M
330	42	2016-11-24	M
331	65	2015-10-02	M
332	36	2016-01-12	M
333	73	2016-12-23	M
334	1	2013-05-24	M
335	74	2016-01-20	M
336	62	2015-10-16	M
337	17	2015-11-25	M
338	49	2015-11-18	M
339	46	2016-09-11	W
340	1	2013-11-03	M
341	28	2016-11-19	M
342	64	2016-10-13	M
343	18	2014-04-26	M
344	54	2013-12-01	M
345	5	2013-11-20	M
346	37	2013-01-11	M
347	65	2013-12-13	M
348	25	2015-11-15	M
349	72	2017-06-08	M
350	47	2016-10-13	M
351	50	2017-02-17	M
352	39	2014-07-04	M
353	24	2015-08-30	M
354	59	2013-10-28	M
355	62	2016-02-01	W
356	70	2016-03-12	M
357	20	2016-03-10	M
358	12	2013-12-09	M
359	11	2014-12-11	M
360	32	2016-05-14	M
361	51	2013-02-27	M
362	15	2013-04-04	M
363	1	2014-05-06	M
364	1	2017-01-20	M
365	74	2013-12-12	M
366	1	2016-10-23	M
367	23	2017-05-09	M
368	77	2013-07-06	M
370	25	2014-02-18	M
371	12	2016-08-02	M
372	55	2015-09-10	M
373	67	2016-06-20	M
374	38	2013-01-09	M
375	68	2016-06-07	M
376	25	2015-03-05	M
377	70	2014-08-19	M
378	68	2016-07-22	M
379	32	2016-05-18	M
381	68	2013-07-04	M
382	14	2016-08-16	M
383	38	2017-05-15	M
384	24	2017-09-14	W
385	5	2013-04-07	M
386	1	2017-08-11	M
387	72	2017-09-19	M
388	59	2015-02-11	M
389	30	2013-08-28	M
390	44	2016-02-16	M
391	36	2013-12-11	M
392	1	2016-07-14	M
393	46	2015-02-04	M
395	1	2013-03-12	M
396	21	2013-03-08	M
397	11	2013-10-26	M
398	69	2017-10-24	M
399	1	2016-08-27	M
400	28	2013-07-17	M
401	32	2013-01-18	M
402	68	2017-09-14	M
403	1	2013-07-29	M
404	41	2015-04-28	M
405	55	2017-03-13	M
406	63	2016-09-03	M
407	72	2017-04-18	W
408	41	2013-07-21	M
409	1	2016-06-11	M
410	49	2016-10-15	M
411	70	2013-02-05	M
412	74	2016-01-21	M
413	18	2016-07-09	M
414	1	2016-01-29	M
415	25	2013-03-03	M
416	6	2016-08-11	M
417	73	2016-01-27	M
418	36	2015-08-27	M
419	13	2013-10-25	M
420	75	2015-08-26	M
421	75	2017-11-27	M
422	53	2014-08-29	W
423	12	2013-03-28	M
424	12	2017-02-17	M
425	9	2013-03-19	M
426	1	2013-11-29	M
427	8	2014-07-24	M
428	1	2013-02-27	M
429	63	2015-09-03	M
430	54	2015-09-02	M
431	18	2016-11-05	M
432	46	2013-06-16	M
433	20	2013-06-12	M
434	1	2016-12-24	M
435	38	2013-01-08	M
436	30	2016-08-07	M
437	43	2013-12-03	M
438	37	2017-06-23	M
439	69	2016-04-15	M
440	29	2016-12-22	M
441	27	2013-12-17	W
442	54	2017-03-30	M
443	64	2013-01-28	M
444	26	2016-05-09	M
445	63	2013-07-29	W
446	50	2013-06-15	M
447	5	2016-08-14	M
449	19	2014-11-22	M
450	59	2016-05-28	M
451	11	2014-05-05	M
452	63	2015-11-29	M
453	75	2017-04-24	M
454	7	2015-05-07	M
455	54	2015-04-23	M
456	49	2013-01-21	M
458	7	2015-06-16	M
459	47	2013-01-21	M
460	1	2014-04-18	M
461	30	2013-02-18	M
462	29	2013-11-10	M
463	51	2015-05-08	M
464	43	2017-05-28	M
465	32	2013-02-04	M
466	71	2016-02-18	M
467	74	2013-09-24	M
468	49	2016-03-19	M
469	72	2017-07-14	M
470	64	2014-03-23	M
471	47	2015-06-07	M
472	8	2016-10-11	M
473	73	2016-10-20	M
474	61	2015-12-06	M
475	3	2017-05-11	M
476	69	2017-04-11	M
477	1	2013-01-25	M
478	58	2014-07-16	M
479	1	2015-11-05	M
480	23	2017-01-21	M
481	72	2016-04-23	M
483	70	2017-07-15	M
484	1	2015-01-20	M
485	6	2013-01-04	T
486	33	2015-11-21	M
487	40	2015-11-14	M
488	25	2016-06-20	M
489	16	2013-05-17	M
490	45	2015-05-23	M
491	44	2016-05-12	M
492	5	2013-10-10	M
493	26	2014-04-05	M
494	60	2013-03-11	M
496	69	2013-02-26	M
497	55	2013-04-15	M
498	1	2013-11-21	M
500	56	2016-04-27	M
501	13	2015-10-21	M
502	1	2017-10-13	M
503	1	2016-08-08	M
504	73	2013-04-21	M
505	64	2016-12-16	M
506	67	2016-07-08	M
507	52	2016-06-17	M
508	74	2016-11-19	M
509	36	2017-08-14	M
510	1	2013-06-02	W
511	14	2016-11-10	M
512	68	2017-01-14	M
513	58	2016-11-21	M
514	70	2016-03-30	M
515	57	2015-02-09	M
516	6	2016-02-08	M
517	76	2013-09-22	M
518	74	2014-09-09	M
519	24	2013-11-12	M
520	60	2013-11-04	M
521	9	2015-10-08	M
522	17	2015-12-20	M
523	1	2013-08-11	M
524	61	2014-05-03	M
525	70	2016-03-20	M
526	67	2016-07-16	M
528	17	2016-12-30	M
529	39	2017-08-18	M
530	54	2016-11-19	M
531	31	2015-08-18	M
532	26	2015-09-02	M
533	40	2015-05-07	M
534	1	2017-05-26	M
535	35	2014-05-24	M
536	14	2016-10-13	M
537	34	2017-01-08	M
538	70	2014-06-07	M
539	13	2013-02-16	T
540	75	2013-10-16	M
541	61	2013-08-12	M
542	1	2013-11-01	M
543	64	2014-05-03	M
544	32	2015-05-15	M
545	54	2013-11-24	M
546	8	2016-11-23	M
547	24	2017-07-27	M
548	16	2014-06-07	M
549	5	2016-11-27	M
550	24	2017-10-17	M
551	77	2013-05-07	M
552	14	2013-08-20	M
553	26	2015-06-06	M
554	26	2016-01-26	M
555	24	2013-05-15	M
556	12	2017-06-26	M
557	1	2015-11-26	M
558	10	2016-06-15	M
559	46	2013-03-05	M
560	36	2015-08-20	M
561	11	2016-12-12	M
562	50	2013-02-25	M
563	53	2013-07-27	M
564	5	2017-12-23	M
565	39	2015-11-25	M
566	8	2017-11-13	M
567	15	2016-06-19	M
568	18	2015-03-28	M
569	76	2016-10-01	M
570	3	2016-11-14	M
571	72	2016-07-16	M
572	32	2014-03-27	M
573	1	2016-07-11	W
574	70	2013-07-30	M
575	38	2014-04-26	M
576	55	2013-01-01	M
577	29	2014-09-20	M
578	28	2017-03-21	W
579	1	2017-12-16	M
580	75	2016-05-20	M
581	26	2016-10-13	M
582	12	2014-08-05	M
584	31	2016-07-14	M
585	4	2017-09-04	M
586	54	2015-03-16	M
587	19	2016-06-21	M
588	66	2013-03-14	M
589	1	2017-04-26	M
590	50	2016-02-24	M
591	1	2017-08-12	M
592	23	2016-12-27	M
593	48	2016-07-16	M
594	54	2014-12-09	M
595	20	2016-12-21	M
596	31	2014-10-13	M
597	41	2013-12-05	M
598	1	2017-02-08	M
599	54	2016-12-04	M
600	46	2017-03-13	M
601	29	2013-08-04	M
602	43	2015-10-27	M
603	62	2016-06-11	M
604	12	2013-11-26	M
605	65	2017-02-04	M
606	75	2017-11-04	M
607	16	2015-02-17	M
608	32	2015-03-27	M
609	63	2014-05-15	M
610	74	2014-08-11	M
611	46	2017-07-21	M
612	1	2016-05-27	M
613	74	2016-08-10	T
614	25	2017-06-07	M
615	72	2016-04-09	M
616	43	2013-10-14	M
617	74	2016-08-23	M
618	1	2016-10-02	M
619	1	2015-09-09	W
620	26	2016-02-18	M
621	52	2016-06-01	M
622	24	2017-06-22	M
623	1	2013-03-24	M
624	70	2013-10-11	M
625	70	2015-07-12	M
626	72	2013-11-11	M
627	63	2013-02-05	M
628	72	2014-01-03	M
629	31	2014-07-25	M
630	71	2013-06-29	M
631	68	2016-03-25	M
632	29	2016-05-14	M
633	57	2015-12-06	M
635	21	2014-08-21	M
636	75	2017-04-24	M
637	49	2016-08-27	M
638	65	2015-06-28	M
639	1	2017-11-03	M
640	32	2013-06-02	M
641	40	2017-06-22	M
643	64	2017-10-28	M
644	4	2017-11-06	M
645	70	2017-08-21	M
646	51	2016-01-06	M
647	1	2017-04-28	M
648	13	2013-11-09	M
649	69	2014-05-17	W
650	3	2015-01-28	M
651	72	2013-11-28	M
652	21	2013-01-05	M
653	27	2017-08-19	M
654	63	2014-10-16	M
655	53	2013-03-24	M
656	3	2016-08-18	M
657	47	2013-08-08	M
658	4	2016-01-10	M
659	63	2016-12-14	M
660	68	2016-01-20	M
662	21	2014-07-18	M
664	1	2016-12-08	M
665	8	2015-09-03	M
666	27	2016-03-15	M
669	35	2016-06-07	M
671	60	2017-10-29	M
672	53	2017-06-23	M
673	31	2017-12-08	M
674	49	2015-09-02	M
675	58	2015-08-03	M
676	39	2015-09-22	M
677	70	2017-09-13	M
678	17	2013-10-08	M
679	22	2017-07-12	M
680	17	2017-07-18	M
682	54	2017-06-08	M
683	74	2016-07-22	M
684	49	2016-05-12	M
685	37	2015-01-04	W
686	41	2013-04-04	M
687	27	2016-06-02	M
688	74	2013-11-25	M
689	1	2016-04-24	M
690	10	2016-07-11	M
691	24	2016-02-21	M
692	69	2016-10-02	M
693	2	2014-06-06	M
694	67	2016-09-04	M
695	5	2016-04-21	M
696	54	2017-11-09	M
697	28	2013-02-23	M
698	71	2016-09-29	M
699	1	2013-09-17	M
700	20	2014-06-01	M
701	69	2013-06-08	M
702	12	2013-06-23	M
703	54	2017-12-21	M
704	55	2013-01-01	M
705	35	2017-07-14	M
706	49	2016-05-07	M
708	26	2016-03-30	M
709	19	2014-07-25	M
710	25	2014-09-02	M
711	70	2014-07-06	M
712	72	2016-12-01	M
713	58	2016-10-15	M
714	23	2016-11-04	M
715	32	2016-08-08	M
716	47	2014-09-25	M
717	75	2013-04-24	M
718	1	2016-03-03	M
719	30	2013-12-21	M
720	54	2015-07-20	M
721	76	2013-08-29	M
722	38	2017-05-04	T
725	70	2016-07-08	M
726	76	2014-02-03	M
727	35	2017-12-25	M
728	60	2015-11-28	M
729	14	2017-02-15	M
730	4	2013-08-28	M
731	5	2015-07-11	M
732	38	2016-06-07	M
733	49	2015-05-17	W
734	5	2016-04-08	M
735	70	2017-09-17	M
736	75	2017-12-07	M
737	34	2013-12-08	M
738	34	2013-06-21	M
739	66	2016-03-18	M
740	28	2014-04-04	M
741	54	2014-07-14	M
742	77	2014-01-28	M
743	10	2013-11-05	M
744	42	2013-03-06	M
745	43	2017-10-09	M
746	75	2015-05-10	M
747	39	2013-08-09	M
748	10	2013-04-08	M
749	38	2017-03-23	M
750	73	2013-09-12	M
751	3	2013-05-12	M
752	23	2017-01-10	M
753	31	2016-08-14	M
754	1	2015-06-08	M
755	38	2017-09-27	M
756	65	2015-01-13	M
757	50	2013-07-19	M
758	51	2017-12-19	M
759	23	2013-08-01	M
760	1	2017-05-24	M
761	43	2014-04-09	M
762	76	2015-10-18	M
763	1	2015-02-23	M
764	1	2013-01-08	M
765	12	2016-12-20	M
766	3	2016-04-21	M
767	25	2015-03-26	M
768	26	2017-07-03	M
770	7	2016-09-24	M
771	22	2016-01-22	M
772	45	2013-01-21	M
773	15	2013-06-19	M
774	1	2013-06-08	M
775	1	2014-12-18	M
776	66	2016-05-18	M
777	30	2017-12-28	M
778	68	2016-10-26	M
779	16	2016-08-13	M
780	3	2016-04-26	M
781	33	2015-02-19	M
782	42	2017-10-30	M
783	1	2017-09-08	M
784	59	2014-04-19	M
785	21	2017-08-09	W
786	53	2015-08-12	M
787	10	2013-11-14	M
788	12	2016-06-25	M
789	39	2015-02-06	M
790	54	2013-05-11	M
791	49	2015-12-14	M
792	3	2017-08-13	M
793	47	2013-01-03	M
794	63	2017-04-24	M
795	25	2015-01-27	M
796	1	2017-02-13	M
797	57	2016-11-20	M
798	1	2016-04-22	M
799	56	2013-10-10	M
800	11	2017-12-06	M
801	16	2017-07-23	M
802	15	2014-12-20	M
803	19	2015-09-09	M
804	64	2016-02-06	M
805	10	2016-12-02	M
806	13	2016-10-29	M
807	76	2015-06-13	W
808	69	2015-06-13	M
809	36	2015-12-20	M
810	46	2015-11-11	M
811	14	2017-08-01	W
812	1	2016-08-30	M
813	16	2013-02-10	M
814	76	2016-10-06	M
815	56	2013-08-25	M
816	52	2013-08-05	M
817	5	2014-03-18	M
819	20	2015-04-22	M
820	74	2015-11-04	M
821	60	2016-03-16	M
822	40	2016-10-04	M
823	71	2017-09-19	M
824	32	2016-03-21	M
825	19	2016-03-06	M
826	44	2016-10-05	M
827	36	2016-02-23	M
828	1	2017-02-12	M
829	59	2016-11-10	M
830	74	2013-02-08	M
831	44	2016-09-18	M
832	42	2016-05-24	M
833	31	2016-08-29	M
834	3	2017-05-23	M
836	46	2016-07-28	M
837	46	2013-09-18	M
838	47	2013-10-23	M
839	16	2015-01-17	M
840	70	2016-03-12	M
841	1	2013-11-04	M
842	62	2015-04-07	M
843	6	2017-04-09	M
844	53	2014-04-28	M
845	14	2017-12-27	M
846	72	2016-03-09	M
847	2	2016-07-21	M
848	31	2016-06-16	M
849	1	2016-01-01	M
850	25	2017-03-07	M
851	15	2014-09-23	M
852	57	2017-10-23	M
853	1	2016-03-20	M
854	62	2013-09-21	M
855	1	2014-03-28	M
856	2	2016-03-03	M
857	77	2013-09-16	M
858	52	2016-07-13	M
859	13	2017-08-26	M
860	1	2013-03-19	M
861	22	2013-09-13	M
862	64	2013-02-02	W
863	71	2013-05-16	M
864	72	2017-07-08	M
865	17	2016-03-18	M
866	9	2013-01-10	M
867	60	2017-11-09	M
868	1	2017-05-26	M
869	16	2016-07-15	M
870	70	2015-03-27	M
871	1	2016-09-02	M
872	27	2017-01-18	M
873	73	2017-04-26	M
874	56	2016-03-23	W
875	63	2015-05-17	M
876	4	2017-10-26	M
877	1	2016-05-29	M
878	52	2016-06-29	M
879	9	2017-06-04	M
880	26	2016-12-08	M
882	9	2013-03-06	M
883	1	2013-12-17	M
884	2	2013-12-07	M
885	1	2013-06-25	M
886	1	2013-06-23	M
887	1	2013-05-05	M
888	54	2016-10-28	M
889	43	2017-12-22	M
890	14	2013-02-05	M
891	34	2016-05-23	M
892	70	2013-03-20	M
893	53	2015-04-12	M
894	46	2015-08-27	M
895	24	2016-03-12	M
896	3	2015-06-11	M
897	38	2013-04-26	M
898	71	2016-03-27	M
899	72	2013-06-21	M
900	48	2014-04-26	M
901	60	2014-07-10	M
902	74	2013-06-29	M
903	47	2013-12-10	M
904	1	2014-03-20	M
905	35	2016-12-11	M
906	59	2017-12-27	M
907	41	2013-07-09	M
908	62	2014-04-29	M
909	30	2017-09-02	M
910	1	2017-02-03	M
911	60	2016-08-12	M
912	65	2017-04-27	M
913	59	2016-05-10	M
914	73	2013-11-14	M
915	72	2015-01-18	M
916	1	2016-08-13	M
917	56	2015-10-13	M
918	60	2016-08-23	M
919	62	2017-03-03	M
920	58	2016-09-05	M
921	10	2016-10-08	M
922	61	2015-04-27	M
923	13	2016-02-07	M
924	11	2015-12-09	M
925	59	2013-02-23	M
926	36	2016-11-01	M
927	69	2017-04-12	M
928	20	2013-04-26	M
929	54	2013-07-03	M
930	41	2013-08-03	M
931	59	2013-10-15	M
932	20	2016-07-08	M
933	21	2015-11-18	M
934	9	2017-11-27	M
935	23	2016-12-25	M
936	7	2016-03-02	M
937	43	2015-08-26	M
938	70	2017-12-13	M
939	55	2014-10-04	M
940	37	2014-11-15	M
941	8	2014-06-08	M
942	9	2013-08-16	M
943	1	2013-02-03	M
944	70	2013-03-08	M
945	18	2016-08-16	M
946	21	2016-01-01	M
947	59	2013-05-17	M
949	58	2016-02-13	M
950	49	2013-08-26	M
951	3	2016-04-28	M
952	41	2017-11-09	M
953	14	2015-07-22	M
954	74	2016-01-08	M
955	59	2016-07-08	M
956	74	2013-12-05	M
957	70	2015-12-22	M
958	72	2016-06-06	M
959	1	2016-02-23	M
960	4	2014-11-02	T
961	1	2017-10-18	M
962	64	2016-06-24	M
963	7	2016-08-09	M
964	26	2014-07-08	M
965	20	2013-08-25	M
966	15	2017-10-14	M
967	15	2016-08-17	M
968	74	2015-11-11	M
969	19	2014-01-08	M
970	18	2017-07-20	M
971	12	2016-07-18	M
972	46	2016-09-29	M
973	54	2014-11-05	M
974	29	2014-02-25	M
975	1	2016-10-19	M
976	77	2016-01-27	M
977	1	2013-04-26	M
978	73	2013-08-18	M
979	21	2013-02-16	M
980	1	2016-12-11	M
981	66	2015-03-25	M
982	54	2013-02-05	M
984	2	2016-07-10	M
985	32	2014-05-29	M
986	74	2016-05-02	M
987	15	2016-08-27	M
988	10	2014-10-22	M
989	19	2014-03-14	M
990	17	2015-10-11	M
991	39	2013-05-18	M
992	22	2015-10-01	M
993	6	2016-11-14	M
994	72	2015-09-15	M
995	64	2015-08-23	M
996	47	2017-08-18	M
997	54	2017-05-08	M
998	47	2013-11-11	M
1000	77	2013-01-25	M
1002	50	2016-09-17	M
1003	28	2016-10-10	M
1004	70	2016-07-02	M
1005	54	2013-02-23	W
1006	6	2013-02-08	M
1007	1	2016-06-28	M
1008	13	2016-10-05	M
1009	1	2015-08-01	W
1010	61	2015-05-01	M
1011	45	2014-12-17	M
1012	65	2014-07-09	M
1013	59	2016-05-13	M
1014	74	2016-03-20	M
1015	1	2017-06-14	M
1016	40	2013-09-29	M
1017	14	2014-08-11	M
1018	7	2013-06-03	M
1019	52	2013-01-21	M
1020	56	2016-04-09	M
1021	42	2016-11-17	M
1022	33	2014-08-01	W
1023	21	2013-08-13	M
1024	19	2017-05-02	M
1026	20	2017-09-03	M
1027	68	2017-07-18	M
1028	23	2016-03-19	M
1029	26	2016-06-25	M
1030	57	2015-11-12	M
1031	74	2015-06-20	M
1032	11	2013-04-26	M
1033	32	2017-08-05	M
1034	73	2017-04-04	M
1035	73	2017-04-18	M
1036	11	2016-01-18	M
1037	1	2017-02-18	M
1038	64	2015-04-20	M
1039	70	2013-05-10	W
1040	19	2016-05-18	M
1042	43	2014-04-03	M
1043	1	2017-08-13	M
1044	14	2015-11-09	M
1045	3	2016-05-09	M
1046	1	2015-04-14	M
1047	46	2014-06-13	M
1048	35	2013-05-05	M
1049	18	2017-12-04	M
1050	57	2013-02-24	T
1051	35	2013-10-21	M
1052	61	2013-09-27	M
1053	57	2014-05-25	M
1054	10	2013-02-19	M
1055	29	2016-12-12	M
1056	1	2016-12-28	W
1057	13	2013-08-23	M
1058	47	2016-06-11	M
1059	8	2015-05-30	M
1060	6	2016-10-20	M
1061	44	2017-10-17	M
1062	6	2013-07-11	M
1063	68	2016-09-19	M
1064	70	2017-09-29	M
1065	72	2013-03-27	M
1066	16	2016-09-15	W
1067	34	2016-09-10	M
1068	52	2017-02-15	M
1069	70	2013-07-24	M
1070	62	2016-04-23	M
1071	68	2013-05-10	W
1072	65	2017-12-09	M
1073	73	2014-02-27	M
1074	59	2016-05-16	M
1075	35	2015-07-13	M
1076	1	2014-10-30	M
1077	14	2013-03-03	M
1078	1	2016-07-12	M
1079	74	2013-09-14	M
1080	55	2013-12-27	M
1081	64	2016-12-21	M
1082	2	2016-06-08	M
1083	45	2016-12-06	M
1085	42	2017-09-11	M
1086	37	2016-06-17	M
1087	55	2016-06-26	M
1088	32	2013-12-19	M
1089	74	2015-10-10	M
1090	69	2016-10-19	M
1091	16	2013-09-09	M
1092	41	2015-06-06	M
1093	54	2016-01-14	M
1094	35	2016-07-10	M
1095	54	2017-06-18	M
1096	34	2017-03-03	M
1097	67	2016-06-22	M
1098	47	2013-12-28	M
1100	35	2016-09-23	M
1101	4	2017-09-22	M
1102	70	2016-02-19	M
1103	66	2015-07-09	M
1104	39	2015-12-07	M
1105	55	2014-09-01	M
1106	20	2013-08-29	W
1107	42	2013-09-08	M
1108	26	2015-03-09	M
1109	66	2014-10-27	M
1110	54	2017-07-10	M
1111	5	2016-02-16	M
1112	48	2015-02-03	M
1113	8	2016-09-23	M
1114	6	2013-11-13	W
1115	34	2013-03-27	M
1116	1	2013-07-20	M
1117	68	2016-08-29	M
1118	48	2013-07-04	M
1120	1	2013-10-05	M
1121	32	2016-04-17	M
1122	13	2015-08-12	M
1123	13	2013-11-01	M
1124	26	2016-06-02	M
1125	1	2017-11-21	W
1126	56	2013-03-08	M
1127	27	2013-01-27	M
1128	74	2013-11-21	M
1129	35	2015-03-03	M
1130	1	2017-05-11	M
1132	1	2013-02-03	W
1133	1	2013-11-01	M
1134	6	2013-02-09	M
1135	1	2015-07-17	M
1136	12	2013-08-07	M
1137	60	2015-12-19	M
1138	41	2017-04-07	M
1139	34	2016-01-20	T
1140	49	2017-11-07	M
1141	28	2017-02-16	M
1142	74	2015-10-19	M
1144	59	2013-01-28	M
1145	31	2013-07-03	M
1146	67	2013-09-12	M
1147	44	2013-04-10	M
1149	18	2015-09-07	M
1150	29	2017-10-08	M
1151	40	2015-06-23	M
1152	45	2013-04-15	M
1153	35	2013-12-29	M
1154	5	2017-08-29	W
1155	43	2016-10-04	M
1156	59	2017-12-09	M
1157	7	2013-03-27	M
1158	50	2014-04-03	M
1159	49	2014-02-09	M
1160	39	2016-07-29	W
1161	66	2013-05-08	M
1164	35	2014-01-14	M
1165	44	2017-03-23	M
1166	11	2013-04-21	M
1168	29	2014-11-03	M
1169	49	2014-03-02	T
1170	25	2016-03-26	M
1171	18	2017-12-20	M
1172	6	2017-10-25	M
1173	11	2016-09-22	M
1174	70	2015-03-21	M
1176	19	2016-10-24	M
1177	27	2017-12-20	M
1178	41	2017-05-04	M
1179	74	2013-01-23	M
1180	20	2013-05-19	M
1181	69	2017-08-20	M
1182	8	2017-02-11	M
1183	12	2015-05-08	M
1184	14	2014-05-06	M
1185	12	2017-06-07	M
1186	64	2017-12-17	M
1187	55	2016-07-28	M
1188	16	2016-07-22	M
1189	59	2013-03-19	M
1190	52	2016-09-09	M
1192	29	2016-05-02	M
1193	29	2014-01-05	M
1194	1	2014-04-15	M
1195	42	2016-12-27	M
1196	29	2016-01-16	M
1197	68	2013-09-07	M
1198	70	2017-04-20	M
1199	50	2017-03-18	M
1200	33	2013-05-07	M
1201	61	2013-07-23	M
1203	72	2015-08-09	M
1204	29	2013-12-03	M
1205	73	2014-10-08	M
1206	70	2015-10-21	M
1207	67	2013-06-08	M
1208	4	2017-11-09	M
1209	23	2017-10-23	M
1210	28	2016-05-21	M
1211	49	2016-08-09	M
1212	70	2015-12-18	M
1213	36	2016-05-08	M
1214	39	2017-01-19	M
1215	65	2017-03-04	M
1216	77	2016-03-01	M
1217	69	2013-10-25	M
1218	1	2016-12-12	M
1219	1	2016-06-08	M
1220	1	2015-07-15	M
1221	45	2017-01-02	M
1222	66	2013-01-20	M
1223	70	2016-08-10	M
1225	4	2013-12-14	M
1226	1	2016-10-23	M
1227	69	2016-01-13	M
1228	62	2015-04-09	M
1229	46	2017-12-10	M
1230	1	2017-05-03	M
1231	7	2014-01-18	M
1232	48	2016-07-06	M
1233	31	2016-02-08	M
1234	6	2013-09-13	M
1235	76	2013-11-23	M
1236	19	2013-05-05	M
1237	9	2014-03-13	M
1238	1	2015-10-29	M
1239	1	2013-04-10	M
1240	1	2017-09-11	M
1241	53	2016-07-02	M
1242	74	2016-11-24	T
1243	1	2016-01-07	M
1244	68	2016-05-08	M
1245	68	2017-11-12	M
1246	58	2014-08-18	M
1247	25	2013-06-08	M
1248	22	2015-04-29	M
1249	67	2015-03-30	M
1250	62	2016-03-28	M
1251	34	2015-07-18	W
1252	13	2015-07-26	W
1253	5	2017-04-13	M
1254	74	2015-03-28	M
1255	68	2017-07-02	M
1256	38	2014-04-21	M
1257	66	2015-10-11	M
1258	3	2016-09-01	M
1259	72	2017-04-12	M
1260	5	2016-11-17	M
1261	52	2015-03-18	M
1262	29	2017-01-19	M
1263	30	2016-01-09	W
1264	1	2017-02-16	M
1265	49	2016-02-25	M
1266	57	2016-07-01	M
1267	43	2016-08-05	M
1268	74	2013-07-25	M
1269	52	2014-03-28	M
1270	55	2016-06-07	T
1271	17	2016-06-18	M
1272	40	2013-05-25	W
1273	37	2014-03-25	M
1274	54	2016-08-19	W
1275	32	2016-06-26	M
1276	36	2013-01-07	M
1277	31	2013-06-20	M
1279	28	2017-10-13	M
1280	70	2015-05-03	M
1281	8	2017-04-14	M
1284	55	2017-07-02	M
1285	65	2013-06-04	M
1286	66	2013-11-23	T
1287	35	2015-03-04	M
1288	11	2013-11-27	M
1289	72	2016-07-07	M
1291	1	2014-07-04	M
1292	3	2014-09-03	M
1293	40	2016-09-03	M
1294	71	2014-11-27	M
1295	15	2014-10-28	M
1296	50	2016-12-02	M
1297	70	2013-07-27	M
1298	7	2016-01-20	M
1299	1	2013-06-21	M
1301	18	2014-09-15	M
1302	55	2013-11-21	M
1303	23	2017-09-08	M
1304	40	2016-04-27	M
1305	57	2013-08-25	M
1306	1	2015-03-22	M
1307	56	2014-12-05	M
1308	54	2016-09-25	M
1309	1	2015-04-15	M
1310	1	2016-02-22	M
1311	60	2016-01-03	M
1312	23	2014-10-15	M
1313	45	2017-10-01	M
1314	48	2013-12-03	M
1315	13	2015-04-17	M
1316	42	2016-12-13	M
1317	56	2014-02-18	M
1318	56	2017-12-22	M
1319	56	2017-08-08	T
1320	58	2016-11-18	M
1321	60	2017-03-27	M
1322	17	2013-07-05	M
1323	43	2016-05-20	M
1324	42	2016-11-05	M
1325	26	2016-08-08	M
1326	52	2016-11-11	M
1327	65	2014-08-24	M
1328	8	2016-05-04	M
1329	53	2016-09-16	M
1330	68	2016-10-22	M
1331	59	2015-01-03	M
1332	59	2013-03-25	M
1333	21	2014-09-29	M
1334	74	2013-05-14	M
1335	54	2015-09-21	M
1336	5	2017-02-26	M
1337	23	2013-09-01	M
1338	74	2013-01-11	M
1339	76	2017-07-06	M
1340	52	2017-10-28	M
1341	36	2015-11-21	M
1342	9	2017-10-09	M
1344	12	2015-07-16	T
1345	28	2013-10-19	M
1346	74	2017-07-01	M
1347	8	2016-11-24	M
1348	55	2017-11-12	M
1349	75	2016-03-05	M
1350	21	2016-08-25	W
1351	40	2016-03-29	M
1352	1	2014-09-23	M
1353	51	2014-04-21	M
1354	31	2017-06-21	M
1355	1	2017-08-16	M
1356	39	2017-02-01	M
1357	56	2015-11-20	M
1358	39	2016-04-21	M
1359	8	2013-12-02	M
1360	71	2014-08-14	M
1361	46	2016-12-09	M
1362	1	2016-12-19	M
1363	11	2017-03-23	M
1365	42	2016-03-15	M
1366	60	2013-02-24	M
1367	74	2016-08-20	M
1368	22	2016-12-12	M
1369	32	2016-03-23	M
1370	52	2016-09-25	M
1371	1	2014-04-27	M
1372	1	2013-03-16	M
1373	47	2013-06-12	M
1374	53	2016-09-26	M
1375	19	2014-04-27	M
1376	64	2015-09-20	M
1377	1	2016-09-25	M
1378	59	2013-03-04	M
1379	47	2017-10-01	M
1380	53	2016-02-19	M
1381	57	2013-11-01	M
1382	48	2013-08-03	M
1383	11	2016-04-15	M
1384	74	2016-03-28	W
1385	53	2017-05-08	M
1387	67	2017-01-01	M
1388	29	2014-05-02	M
1389	34	2017-08-05	M
1390	69	2016-12-30	M
1391	15	2016-12-21	M
1392	60	2013-04-28	M
1393	1	2016-11-24	M
1394	32	2014-12-27	M
1395	1	2015-11-21	M
1396	46	2016-06-26	M
1397	17	2013-03-22	M
1398	62	2014-08-18	M
1399	45	2016-05-20	M
1401	1	2013-08-12	M
1402	74	2013-03-26	M
1403	17	2015-11-02	M
1404	7	2013-09-22	W
1405	53	2016-06-04	M
1406	50	2014-03-04	M
1407	19	2017-04-11	T
1408	10	2016-09-07	M
1410	74	2013-09-11	M
1411	54	2013-07-09	M
1412	64	2013-05-18	M
1413	65	2015-06-07	M
1414	58	2015-01-17	M
1416	66	2013-07-12	W
1417	75	2014-12-20	M
1418	35	2017-02-09	M
1419	33	2013-12-22	M
1420	68	2015-06-08	M
1421	71	2014-10-05	M
1422	68	2013-04-09	M
1423	76	2015-09-08	M
1424	32	2017-05-20	M
1425	76	2013-07-06	M
1426	40	2015-10-27	M
1427	17	2015-10-08	M
1429	57	2013-07-30	M
1430	26	2017-02-13	M
1431	41	2016-06-11	M
1432	27	2017-07-19	M
1434	70	2017-08-08	M
1435	1	2016-12-01	M
1436	3	2014-12-07	M
1437	50	2015-01-13	M
1438	23	2017-09-18	W
1439	11	2016-01-27	M
1440	55	2013-09-22	M
1441	50	2014-10-25	M
1442	23	2013-05-23	M
1443	54	2017-09-27	M
1444	70	2016-06-16	M
1445	60	2016-03-16	M
1446	57	2015-01-18	M
1447	65	2017-02-20	M
1448	1	2015-10-07	M
1449	35	2013-08-26	M
1450	63	2016-04-07	M
1451	64	2013-06-24	M
1452	45	2015-09-16	M
1453	61	2013-09-25	W
1454	46	2017-07-25	M
1455	66	2016-01-03	M
1456	9	2016-04-12	M
1458	29	2014-01-03	M
1459	12	2017-03-26	M
1460	54	2016-11-29	M
1461	73	2016-04-07	M
1463	32	2016-09-25	M
1464	73	2016-10-21	M
1465	30	2015-06-08	M
1466	69	2017-03-26	W
1467	37	2014-04-27	M
1468	54	2013-10-11	M
1469	67	2015-12-15	M
1470	19	2014-02-10	M
1471	1	2016-07-21	M
1472	2	2015-07-20	M
1473	39	2016-04-16	M
1474	63	2016-09-14	M
1475	1	2013-06-14	W
1476	61	2013-04-26	M
1477	1	2013-02-08	M
1478	5	2016-10-30	M
1479	54	2015-04-04	M
1480	41	2016-07-03	W
1481	15	2013-01-17	M
1482	38	2016-12-08	M
1483	10	2016-01-09	M
1484	70	2016-09-23	M
1485	36	2013-10-03	M
1486	63	2016-01-15	M
1487	66	2013-09-10	M
1488	25	2017-04-29	M
1490	5	2016-07-25	M
1491	47	2017-06-11	M
1492	24	2016-10-17	M
1493	41	2013-01-09	M
1494	1	2017-10-08	M
1495	36	2013-11-01	M
1496	57	2015-02-05	M
1497	1	2013-07-16	M
1498	62	2017-02-07	W
1499	47	2013-11-28	M
1500	43	2016-10-01	M
1501	50	2016-08-11	M
1502	1	2016-10-02	M
1503	71	2016-04-10	M
1504	1	2016-08-26	M
1505	69	2013-04-23	M
1506	51	2017-10-13	M
1507	35	2013-08-03	M
1508	69	2016-01-22	M
1509	51	2014-05-19	M
1510	33	2016-03-11	M
1511	51	2014-03-13	T
1512	1	2014-01-08	M
1513	30	2013-08-23	M
1514	7	2017-07-01	M
1515	11	2013-06-11	M
1516	67	2013-10-08	M
1517	5	2016-08-24	M
1518	67	2013-04-21	M
1519	9	2015-06-14	M
1520	48	2015-08-08	M
1521	74	2016-04-04	M
1522	48	2017-08-02	M
1523	52	2017-11-24	T
1524	6	2017-02-20	M
1525	57	2016-09-05	M
1526	52	2015-01-22	M
1527	31	2013-11-17	T
1528	50	2016-06-08	M
1529	1	2016-04-28	M
1530	70	2015-05-27	M
1532	54	2016-09-19	M
1534	1	2013-05-24	M
1535	46	2013-03-20	M
1536	41	2013-01-22	W
1537	54	2017-06-06	M
1538	22	2016-09-20	M
1539	1	2013-01-03	T
1540	1	2015-03-29	M
1541	60	2016-10-18	M
1542	1	2016-04-25	M
1543	1	2016-04-14	M
1544	69	2013-07-14	M
1545	1	2013-03-08	M
1546	15	2016-11-20	M
1547	72	2013-09-14	M
1548	47	2015-01-27	M
1549	21	2016-11-21	M
1550	1	2016-04-15	M
1551	72	2017-06-18	M
1552	18	2014-01-02	M
1553	59	2016-12-21	M
1554	47	2014-11-15	M
1555	34	2016-11-10	M
1556	54	2016-09-15	M
1557	66	2016-12-13	M
1558	32	2016-10-06	M
1559	14	2014-10-08	M
1560	62	2017-04-14	M
1561	66	2015-04-01	M
1562	1	2015-08-30	M
1563	47	2016-08-14	M
1564	48	2016-03-05	M
1565	36	2013-10-20	M
1566	73	2013-07-07	M
1567	10	2017-08-19	M
1568	23	2015-07-15	M
1570	1	2014-03-12	M
1571	66	2016-07-29	M
1572	72	2017-10-21	M
1573	63	2017-12-29	M
1574	75	2017-05-28	M
1575	1	2013-02-27	M
1576	35	2016-08-06	W
1577	67	2016-10-16	M
1578	48	2014-12-01	M
1579	57	2014-08-09	M
1580	69	2016-01-08	M
1581	39	2015-10-12	M
1582	28	2016-05-01	M
1583	69	2014-11-17	T
1584	30	2013-05-27	M
1585	42	2016-02-23	M
1586	1	2016-10-03	M
1587	1	2016-12-11	M
1588	67	2013-12-11	M
1589	37	2013-08-07	M
1590	77	2015-04-07	M
1591	65	2016-01-10	M
1592	38	2014-08-18	M
1593	16	2016-08-22	M
1594	15	2017-04-06	M
1596	70	2017-10-05	M
1597	68	2015-07-04	M
1598	15	2017-04-12	M
1599	57	2015-11-10	M
1600	1	2016-09-13	M
1601	10	2013-02-09	M
1602	33	2013-09-19	M
1603	1	2013-05-09	M
1604	54	2013-12-16	M
1605	72	2013-12-16	M
1606	23	2016-03-07	M
1607	71	2016-04-20	M
1608	26	2017-10-08	M
1609	41	2016-07-05	M
1610	52	2013-05-17	M
1611	69	2016-02-11	M
1612	66	2016-02-12	M
1613	1	2015-09-13	M
1614	63	2016-05-07	M
1615	1	2017-10-20	M
1616	22	2017-02-07	M
1617	45	2013-06-01	M
1618	6	2016-12-18	M
1619	38	2017-02-24	M
1620	17	2015-06-08	M
1621	75	2013-12-01	M
1622	19	2016-04-12	M
1623	1	2016-02-04	M
1624	53	2016-04-22	M
1625	1	2015-01-17	M
1626	3	2014-03-15	M
1627	1	2014-01-20	M
1628	60	2013-01-10	M
1629	10	2015-11-02	M
1630	72	2013-07-28	M
1631	10	2016-09-27	M
1632	18	2016-01-13	W
1633	51	2015-02-22	M
1634	77	2014-06-04	M
1635	19	2013-12-29	M
1636	53	2017-04-08	M
1637	1	2013-01-08	M
1638	6	2016-11-12	W
1640	13	2015-09-01	M
1641	50	2016-04-22	M
1642	64	2015-05-27	M
1644	1	2013-05-09	M
1645	50	2016-10-16	M
1646	1	2016-05-27	W
1647	1	2017-07-09	M
1648	40	2017-08-08	M
1649	46	2013-01-26	M
1650	39	2017-12-06	M
1651	34	2017-01-23	M
1652	74	2013-05-20	M
1653	1	2014-09-19	M
1654	30	2016-08-05	M
1655	41	2016-04-15	M
1656	47	2017-02-01	M
1657	12	2017-11-04	M
1658	73	2013-05-10	M
1659	46	2016-12-25	M
1660	1	2015-09-22	M
1662	1	2017-08-11	M
1663	55	2016-11-02	M
1664	56	2013-11-15	M
1665	73	2017-04-15	M
1666	67	2013-10-30	M
1667	56	2016-08-18	M
1668	62	2017-03-07	M
1669	39	2016-09-19	M
1670	12	2016-01-02	M
1671	6	2013-05-05	M
1672	5	2016-05-08	M
1673	53	2013-12-08	M
1674	1	2015-09-15	M
1675	36	2013-02-01	M
1677	69	2017-01-08	M
1678	1	2013-02-22	M
1679	68	2016-09-05	M
1680	59	2013-12-10	M
1681	68	2017-07-11	M
1682	49	2015-12-22	M
1683	77	2016-11-01	M
1684	32	2013-07-10	W
1685	28	2015-12-13	M
1686	11	2013-11-18	M
1687	23	2017-04-18	M
1688	70	2013-02-27	M
1689	55	2013-09-07	M
1690	16	2015-10-07	M
1691	48	2015-11-08	M
1692	56	2015-03-29	M
1693	1	2017-04-29	T
1694	6	2013-08-29	W
1695	76	2013-01-03	M
1696	43	2015-06-09	M
1697	63	2017-05-17	M
1698	68	2016-03-14	M
1699	53	2013-01-14	M
1700	64	2015-11-18	M
1701	1	2013-08-10	M
1702	56	2015-02-27	M
1703	72	2017-11-02	M
1704	70	2015-09-22	M
1705	70	2013-09-15	M
1706	1	2015-01-05	M
1707	75	2017-01-13	M
1708	22	2014-11-21	M
1709	24	2016-04-23	M
1710	74	2017-05-25	M
1711	63	2016-01-05	M
1712	44	2016-11-25	M
1713	43	2013-03-03	M
1714	72	2014-09-08	M
1715	60	2016-05-26	M
1716	46	2016-05-02	M
1717	67	2017-12-02	M
1718	71	2017-09-23	M
1719	1	2013-09-06	M
1720	35	2015-05-16	M
1721	68	2013-03-25	M
1722	32	2016-03-11	M
1723	70	2017-11-04	M
1724	48	2017-06-07	M
1725	72	2015-07-03	T
1726	48	2013-01-03	M
1727	9	2017-10-11	M
1728	74	2015-06-23	M
1729	53	2017-09-08	M
1730	1	2013-01-09	M
1731	33	2013-01-14	M
1732	51	2016-02-20	M
1733	18	2016-04-20	M
1734	37	2017-04-10	M
1735	42	2016-12-04	M
1736	74	2017-02-26	M
1737	77	2016-02-13	M
1738	15	2016-08-06	M
1739	3	2016-07-08	M
1740	57	2017-03-13	M
1741	21	2015-05-10	M
1742	68	2015-10-08	M
1743	51	2013-06-04	M
1744	76	2016-02-07	M
1745	53	2016-10-19	M
1746	1	2017-03-11	M
1747	30	2017-08-14	M
1749	64	2015-10-14	M
1750	1	2013-01-26	M
1751	53	2016-10-04	M
1752	68	2016-05-08	M
1753	71	2017-06-14	M
1754	52	2016-12-01	M
1756	38	2015-10-26	M
1757	75	2015-03-27	M
1758	21	2016-07-08	M
1759	39	2016-01-25	M
1760	53	2015-11-11	M
1761	24	2013-08-24	M
1762	28	2013-12-11	M
1763	73	2016-03-06	M
1764	68	2017-09-04	M
1765	18	2016-07-21	M
1766	28	2014-09-03	M
1767	21	2013-10-20	M
1768	15	2013-12-20	M
1769	39	2015-01-25	M
1770	65	2014-02-08	M
1771	69	2013-03-28	M
1772	31	2015-02-20	W
1773	33	2013-04-19	M
1774	61	2016-09-10	M
1775	17	2013-02-27	M
1776	36	2017-07-27	M
1777	60	2016-10-10	M
1778	15	2015-02-25	M
1779	33	2013-08-15	M
1780	1	2013-04-02	M
1781	10	2016-06-23	M
1782	8	2013-05-12	M
1783	70	2017-09-11	M
1784	59	2013-05-08	M
1785	52	2016-10-25	M
1786	1	2013-05-25	M
1787	30	2013-03-22	W
1788	1	2014-01-04	M
1789	46	2013-10-23	M
1790	70	2017-09-08	M
1791	1	2016-02-03	M
1792	7	2013-12-16	M
1793	56	2015-06-10	M
1794	74	2017-07-23	M
1795	53	2017-08-21	M
1796	18	2015-10-14	M
1797	24	2014-08-01	M
1798	46	2017-11-28	M
1799	9	2016-09-13	M
1800	51	2016-03-14	M
1801	46	2013-02-13	M
1802	75	2015-03-10	M
1803	24	2015-07-29	M
1804	20	2013-09-23	W
1805	1	2013-02-02	M
1806	40	2013-01-19	M
1807	21	2017-10-15	M
1808	28	2017-05-16	M
1809	1	2013-11-12	W
1810	50	2015-09-03	M
1811	40	2013-09-22	M
1812	31	2016-10-08	M
1813	47	2014-02-11	M
1814	17	2017-09-23	M
1815	66	2013-04-17	M
1816	44	2013-10-08	M
1817	10	2016-12-16	M
1818	54	2017-02-25	M
1819	55	2016-10-21	W
1820	10	2014-04-22	M
1821	70	2015-04-07	M
1822	30	2013-05-05	M
1823	3	2016-09-28	M
1824	52	2014-01-17	M
1825	3	2015-12-05	M
1826	5	2014-05-22	M
1827	10	2013-09-06	M
1828	1	2014-09-28	M
1829	43	2013-02-27	M
1830	10	2013-02-08	M
1831	1	2013-09-21	M
1832	70	2016-04-01	M
1833	54	2017-11-15	M
1834	62	2013-08-03	M
1835	74	2014-12-24	M
1836	42	2016-02-15	M
1837	23	2013-06-24	M
1838	68	2014-05-26	M
1839	5	2017-06-22	M
1840	21	2017-01-22	M
1841	36	2017-06-12	M
1843	12	2013-01-30	M
1844	44	2013-01-06	M
1845	47	2017-08-20	M
1846	6	2015-06-17	M
1847	47	2016-04-04	M
1848	1	2014-08-04	M
1851	55	2013-05-23	M
1852	35	2013-07-05	M
1853	7	2017-01-29	M
1854	32	2017-02-02	M
1855	34	2016-10-27	M
1856	26	2014-06-19	M
1857	37	2017-08-18	M
1858	72	2015-02-18	M
1859	50	2016-02-02	M
1860	70	2017-01-02	M
1861	54	2013-07-02	M
1862	19	2015-04-15	W
1863	62	2017-04-01	M
1865	1	2014-05-04	M
1866	4	2017-11-17	M
1867	52	2015-11-15	M
1868	16	2017-11-29	W
1869	1	2016-06-14	M
1870	10	2014-06-25	M
1871	48	2014-05-10	M
1872	61	2017-09-17	M
1874	9	2013-03-27	M
1875	44	2013-08-21	M
1876	1	2017-09-20	M
1877	76	2013-12-13	M
1878	52	2014-09-13	W
1879	10	2014-05-13	M
1880	76	2014-02-25	M
1881	60	2017-08-17	M
1882	1	2013-12-21	M
1884	54	2016-12-24	M
1885	47	2016-08-13	M
1886	32	2016-03-05	M
1887	68	2013-05-09	M
1888	6	2016-10-21	M
1889	59	2015-02-06	M
1890	1	2017-07-20	W
1891	32	2013-04-10	M
1892	28	2013-07-13	M
1893	48	2016-07-20	M
1894	6	2016-08-29	M
1895	35	2016-07-12	M
1896	74	2013-10-05	M
1897	61	2016-03-05	T
1898	70	2013-04-01	M
1899	26	2016-11-05	M
1900	27	2016-07-27	M
1901	15	2015-12-01	M
1902	50	2013-07-17	W
1903	11	2016-07-05	M
1904	70	2016-05-18	M
1905	34	2016-05-25	M
1906	1	2016-08-01	M
1907	1	2017-03-25	M
1908	20	2014-09-13	M
1909	14	2013-01-12	M
1910	60	2016-09-06	M
1911	68	2014-08-21	M
1912	64	2013-08-15	M
1913	48	2016-06-06	M
1914	27	2015-01-24	M
1915	2	2017-04-14	M
1916	72	2016-02-16	M
1917	73	2015-12-13	M
1918	24	2014-04-10	M
1919	18	2014-12-04	M
1920	40	2016-04-08	M
1921	42	2017-06-27	M
1922	60	2016-02-09	M
1924	66	2016-05-16	M
1925	12	2013-08-03	M
1926	37	2013-01-06	M
1927	42	2015-08-04	M
1928	70	2017-03-02	M
1929	1	2017-07-06	M
1930	3	2013-06-27	M
1931	20	2013-11-23	M
1932	35	2016-04-03	M
1933	35	2017-04-04	M
1934	46	2014-10-05	M
1935	38	2016-08-15	M
1936	70	2015-07-18	M
1937	36	2013-05-18	M
1938	1	2014-06-25	M
1939	6	2016-04-19	W
1940	52	2013-12-22	M
1941	60	2013-11-15	M
1943	9	2016-11-26	M
1944	72	2013-02-12	M
1945	56	2015-11-09	M
1946	46	2017-09-16	M
1947	35	2013-11-12	M
1948	64	2016-04-08	M
1949	41	2014-05-04	M
1950	70	2017-08-01	M
1951	23	2017-08-07	M
1952	70	2013-11-28	M
1953	9	2017-05-15	W
1954	72	2016-06-05	M
1955	49	2015-01-07	M
1956	63	2017-05-23	M
1957	33	2016-09-18	M
1958	40	2014-10-24	M
1959	62	2013-12-24	M
1960	31	2017-12-04	M
1961	13	2015-08-30	M
1962	77	2016-02-24	M
1963	42	2016-02-03	M
1964	25	2016-02-12	M
1965	57	2013-02-08	T
1966	27	2013-02-12	M
1967	26	2015-02-13	W
1968	16	2017-10-14	W
1969	5	2014-04-02	M
1970	8	2013-12-08	M
1971	41	2015-08-04	M
1972	77	2013-01-02	M
1973	71	2016-06-05	M
1974	42	2015-06-01	M
1975	19	2014-09-07	M
1976	26	2017-03-25	M
1977	41	2016-02-03	M
1978	57	2013-06-11	W
1979	26	2013-01-11	M
1980	49	2016-03-16	M
1981	64	2013-10-08	M
1982	6	2017-05-08	M
1983	54	2017-12-25	M
1984	73	2013-11-07	M
1985	20	2016-07-29	M
1986	46	2015-04-04	M
1987	54	2014-03-17	M
1988	72	2016-12-30	M
1989	48	2014-09-21	M
1990	1	2013-06-09	M
1991	1	2016-11-16	M
1992	48	2017-09-27	M
1993	68	2014-10-30	M
1994	42	2015-07-19	M
1995	54	2017-07-18	M
1996	6	2016-05-08	W
1997	74	2016-09-05	M
1998	1	2013-06-17	M
1999	70	2013-06-06	M
2000	5	2017-08-06	M
2001	75	2014-05-19	M
2002	1	2013-04-08	M
2003	32	2015-11-27	M
2004	42	2016-08-04	M
2005	16	2017-05-11	M
2006	25	2017-06-16	M
2007	45	2017-09-29	M
2008	52	2013-04-16	M
2009	17	2014-04-14	M
2010	1	2013-12-27	M
2011	75	2013-03-25	M
2012	4	2016-04-08	M
2013	54	2016-08-15	M
2015	68	2015-11-25	M
2016	1	2017-02-23	M
2017	54	2016-02-21	M
2018	42	2015-06-04	M
2019	64	2017-06-11	M
2020	13	2013-09-04	M
2021	69	2017-02-05	M
2022	72	2013-06-11	M
2023	68	2013-01-26	M
2024	20	2017-03-02	M
2025	19	2014-10-02	M
2026	64	2016-09-14	M
2027	19	2014-11-28	M
2028	7	2014-11-26	W
2029	55	2013-05-29	M
2030	51	2014-09-13	M
2032	36	2016-11-14	M
2033	71	2016-03-20	M
2034	54	2016-08-21	M
2035	53	2016-05-10	M
2036	70	2017-10-03	M
2037	20	2013-05-06	M
2038	42	2013-08-06	M
2039	44	2013-03-12	M
2040	75	2016-06-25	M
2041	48	2015-07-05	M
2042	31	2017-02-12	M
2043	46	2015-11-27	M
2044	6	2014-11-23	M
2045	34	2016-09-09	M
2046	68	2016-10-17	M
2047	20	2015-02-21	M
2048	76	2017-03-30	M
2049	67	2017-12-19	M
2050	1	2013-10-22	M
2051	64	2015-11-08	W
2052	61	2013-10-20	M
2053	5	2017-10-16	M
2054	1	2015-01-24	M
2055	37	2017-04-17	M
2056	58	2013-04-07	M
2057	1	2017-06-20	M
2058	34	2016-09-09	M
2059	37	2014-10-08	M
2060	13	2016-12-05	M
2061	24	2013-05-12	M
2062	70	2016-03-06	M
2063	1	2013-12-04	M
2064	54	2016-12-30	M
2065	61	2016-08-28	M
2066	25	2016-08-07	M
2067	76	2014-04-07	M
2068	21	2013-06-02	M
2069	72	2017-10-08	M
2070	72	2013-01-29	M
2071	35	2017-05-08	M
2072	41	2013-10-17	M
2073	59	2017-08-14	M
2074	12	2016-02-18	M
2075	33	2016-01-01	M
2076	18	2016-09-17	M
2077	29	2015-01-04	M
2078	62	2013-07-08	M
2079	55	2017-09-06	M
2080	74	2017-04-27	M
2081	36	2017-07-02	M
2082	36	2013-09-03	M
2083	1	2016-09-28	M
2084	44	2016-09-08	M
2085	25	2017-02-13	M
2086	70	2016-08-09	W
2087	7	2013-01-08	W
2088	4	2013-07-28	M
2089	29	2017-03-05	W
2090	40	2016-11-26	M
2091	1	2016-09-25	M
2092	1	2014-04-29	M
2093	64	2017-07-07	M
2094	73	2016-08-23	M
2095	56	2015-12-19	M
2096	32	2015-06-17	M
2097	46	2017-10-11	M
2099	3	2013-01-12	W
2101	9	2016-08-04	M
2102	41	2016-08-05	M
2103	48	2017-02-01	M
2104	48	2016-06-12	M
2105	70	2016-03-09	M
2106	1	2016-02-01	M
2107	70	2016-11-09	M
2108	74	2016-07-06	M
2109	34	2016-02-02	M
2110	64	2013-02-23	M
2111	42	2015-01-25	W
2112	44	2016-07-12	M
2113	7	2016-08-28	M
2114	30	2016-08-11	M
2115	8	2016-12-05	M
2116	70	2016-05-02	M
2117	48	2016-08-07	M
2118	42	2017-05-11	M
2119	74	2015-09-21	M
2121	64	2014-12-05	M
2122	68	2013-01-08	M
2123	64	2013-07-26	M
2124	69	2013-02-20	M
2125	43	2017-11-20	W
2126	1	2017-02-09	M
2127	1	2017-05-09	M
2128	22	2013-12-10	M
2130	46	2016-11-04	M
2131	70	2016-07-11	M
2132	76	2013-10-08	M
2133	11	2017-10-07	M
2134	52	2016-08-06	M
2135	51	2017-06-17	M
2136	75	2017-10-02	M
2137	4	2013-08-17	T
2138	75	2017-08-11	M
2139	8	2015-06-09	M
2140	75	2013-10-21	M
2141	21	2017-05-09	M
2142	42	2017-09-01	M
2143	1	2016-01-13	M
2144	55	2015-07-21	T
2146	31	2013-06-05	M
2147	28	2016-07-10	M
2148	1	2015-09-22	M
2149	7	2016-08-11	M
2150	37	2013-09-12	M
2151	38	2015-02-08	M
2152	22	2017-10-23	M
2153	31	2016-01-07	W
2154	63	2014-04-21	M
2155	58	2014-06-08	M
2156	1	2016-09-11	M
2157	77	2015-11-08	M
2158	38	2017-03-29	M
2159	1	2016-01-01	M
2160	72	2016-11-10	M
2161	15	2013-12-30	W
2162	50	2017-11-21	M
2163	17	2015-01-05	M
2164	63	2016-09-12	M
2165	51	2017-04-08	M
2166	71	2017-04-12	M
2167	16	2013-08-08	M
2169	57	2017-07-09	M
2170	1	2014-05-19	T
2172	1	2017-09-02	M
2173	64	2017-05-02	M
2174	18	2017-10-24	M
2175	1	2013-04-27	M
2176	67	2013-06-06	M
2177	62	2013-01-04	M
2178	64	2015-05-15	M
2179	1	2014-01-14	W
2180	45	2013-10-27	M
2182	22	2017-07-12	M
2183	54	2017-07-17	M
2184	6	2017-05-07	M
2185	67	2015-01-18	M
2186	63	2013-07-07	M
2187	9	2016-02-26	W
2189	75	2013-04-22	M
2190	41	2016-06-04	W
2191	1	2016-08-08	M
2192	59	2016-03-22	M
2193	44	2016-11-03	M
2194	54	2017-02-25	M
2195	73	2014-10-08	M
2196	11	2017-07-24	M
2197	46	2017-07-26	M
2199	1	2013-08-04	M
2200	1	2017-06-26	M
2201	8	2013-10-05	M
2203	47	2015-04-04	M
2204	9	2017-07-20	M
2205	51	2016-04-13	M
2206	45	2015-08-10	M
2207	35	2016-01-25	M
2208	7	2017-07-02	M
2209	65	2016-08-15	M
2210	31	2016-08-13	M
2211	61	2017-11-10	T
2212	33	2016-02-12	M
2213	68	2013-07-11	M
2214	45	2016-01-27	M
2215	48	2017-10-17	M
2216	74	2013-04-17	M
2217	73	2016-01-27	M
2218	19	2014-11-21	M
2219	60	2013-03-11	M
2220	16	2013-02-10	M
2221	58	2017-11-15	M
2222	47	2013-05-01	M
2223	44	2016-01-05	M
2224	46	2017-03-08	T
2225	15	2016-01-24	M
2226	2	2016-02-17	M
2227	31	2014-05-22	W
2228	34	2014-03-19	M
2229	1	2017-01-27	M
2230	7	2016-02-11	M
2231	2	2017-10-14	M
2232	1	2016-05-07	M
2233	43	2016-01-03	M
2234	3	2016-11-21	M
2235	45	2015-10-22	M
2236	73	2015-08-27	M
2237	26	2015-12-13	M
2239	25	2015-01-05	M
2240	36	2016-10-07	M
2241	6	2013-02-08	M
2242	7	2013-02-25	W
2243	25	2016-01-24	M
2244	46	2015-07-19	M
2245	29	2013-03-30	M
2246	1	2016-04-25	M
2247	24	2016-04-13	M
2250	35	2013-11-02	M
2252	1	2016-10-05	M
2253	74	2013-07-24	M
2254	1	2016-04-17	M
2255	52	2015-10-14	M
2256	48	2013-02-06	M
2257	57	2013-12-21	M
2258	3	2016-11-12	M
2259	64	2014-05-14	M
2260	1	2014-06-07	M
2261	1	2016-12-27	W
2262	13	2017-02-08	M
2263	36	2016-03-12	M
2264	41	2016-11-22	M
2265	65	2015-08-03	M
2266	50	2016-07-19	M
2267	54	2014-09-20	W
2268	1	2015-02-11	M
2269	6	2013-11-04	M
2270	14	2017-03-08	M
2271	68	2013-11-13	M
2272	48	2017-10-08	M
2274	66	2016-01-21	M
2275	1	2016-09-16	M
2276	31	2013-10-22	M
2278	1	2016-08-03	M
2279	2	2016-10-30	W
2280	68	2015-08-17	M
2281	1	2015-07-13	M
2282	29	2013-09-17	W
2285	36	2016-11-21	M
2286	70	2016-12-06	M
2287	1	2016-04-21	M
2288	69	2016-01-01	M
2289	1	2016-03-07	M
2290	37	2016-10-22	M
2291	49	2016-07-27	M
2292	41	2015-06-29	M
2293	31	2013-02-13	M
2294	46	2016-09-29	M
2295	57	2016-06-25	M
2296	29	2017-11-05	M
2297	46	2015-06-18	M
2298	31	2013-07-03	M
2299	1	2017-01-21	M
2300	36	2017-01-13	M
2301	22	2015-10-10	M
2302	24	2013-09-10	M
2303	41	2016-11-24	M
2304	49	2016-02-19	M
2305	1	2013-12-11	M
2306	38	2013-12-08	M
2307	60	2015-07-12	M
2309	18	2015-12-03	M
2310	15	2015-07-19	M
2311	28	2017-10-19	M
2312	65	2017-09-26	M
2313	26	2013-04-13	W
2314	2	2016-09-07	M
2315	75	2014-02-13	M
2316	1	2017-07-21	M
2317	68	2017-08-28	M
2318	73	2013-11-08	M
2319	58	2016-07-02	M
2321	35	2013-05-13	M
2322	33	2015-01-02	M
2323	72	2015-05-08	M
2324	1	2017-05-24	M
2325	55	2017-02-26	M
2326	70	2014-01-24	M
2327	19	2013-06-08	M
2328	35	2015-06-14	M
2329	1	2016-08-07	M
2330	54	2013-01-19	M
2331	8	2015-04-29	M
2332	77	2016-09-24	M
2333	45	2014-10-08	M
2334	50	2016-03-19	M
2335	70	2016-04-04	M
2336	39	2013-07-08	M
2337	65	2017-07-07	M
2338	59	2017-08-08	M
2339	63	2016-09-22	M
2340	14	2017-06-22	M
2341	33	2015-11-25	M
2342	51	2013-02-11	M
2343	68	2014-12-09	M
2344	13	2016-07-02	M
2345	5	2013-10-25	M
2346	27	2016-05-08	M
2347	38	2016-08-30	M
2348	65	2016-02-05	M
2349	72	2016-09-11	M
2350	18	2016-08-04	M
2351	74	2017-09-08	M
2352	70	2015-01-21	M
2353	51	2015-09-21	M
2354	7	2017-03-17	M
2355	1	2015-01-03	M
2356	34	2016-12-23	W
2357	19	2013-01-04	M
2358	7	2015-09-13	M
2359	54	2016-07-14	M
2360	26	2016-08-27	M
2361	28	2014-02-25	M
2362	16	2016-12-30	M
2363	47	2014-10-07	M
2364	33	2015-05-03	M
2365	42	2014-11-04	M
2366	68	2017-05-20	M
2367	28	2015-03-04	M
2369	49	2017-07-19	M
2370	51	2017-10-01	M
2371	15	2017-10-23	W
2372	1	2017-06-15	M
2373	14	2016-09-29	M
2374	1	2015-12-07	M
2375	29	2014-05-16	M
2376	71	2016-12-14	M
2377	77	2014-11-13	M
2378	16	2013-01-01	M
2379	44	2013-01-10	M
2380	46	2017-02-27	M
2381	1	2017-02-13	M
2382	59	2014-03-08	M
2383	68	2016-08-05	M
2384	40	2014-12-23	M
2385	60	2016-11-15	M
2386	12	2016-12-17	M
2387	70	2016-06-22	M
2388	30	2013-06-09	M
2389	40	2016-06-02	M
2390	1	2016-02-12	M
2391	2	2017-11-07	M
2392	1	2017-05-18	M
2393	10	2013-01-07	M
2394	62	2017-08-23	M
2395	3	2016-06-24	M
2396	2	2013-02-22	M
2397	70	2016-06-14	M
2398	70	2016-11-25	M
2399	1	2014-04-26	M
2400	40	2016-06-15	M
2401	16	2014-08-26	M
2402	18	2017-11-06	M
2403	25	2016-02-20	M
2404	8	2017-06-05	M
2405	64	2017-02-27	M
2406	5	2016-03-22	M
2407	1	2016-07-21	M
2408	26	2016-12-27	M
2409	76	2016-02-13	M
2410	54	2013-05-11	M
2411	69	2013-06-27	M
2413	33	2017-10-27	M
2414	1	2015-01-19	M
2415	16	2017-02-27	M
2416	5	2016-01-23	M
2417	44	2013-08-20	M
2418	64	2016-10-29	M
2419	24	2013-11-27	M
2420	35	2016-06-25	M
2421	18	2015-01-11	M
2422	27	2017-08-29	M
2423	30	2013-02-14	M
2424	1	2015-10-13	M
2425	41	2013-01-23	M
2427	70	2013-10-08	W
2428	72	2013-09-08	M
2429	61	2013-02-06	M
2430	3	2014-10-09	M
2431	74	2015-02-23	M
2432	8	2016-04-18	M
2433	71	2013-02-19	M
2434	17	2013-02-02	M
2435	38	2013-11-01	M
2436	67	2013-05-25	M
2437	1	2015-12-04	M
2438	71	2017-11-16	M
2439	74	2016-08-13	M
2440	19	2017-12-18	M
2441	47	2016-12-22	M
2442	14	2017-08-21	M
2443	46	2017-06-25	M
2444	76	2017-09-07	M
2445	52	2016-07-07	M
2446	3	2015-01-16	M
2447	38	2017-07-14	M
2448	23	2017-05-11	M
2449	23	2017-08-05	M
2450	48	2016-04-10	M
2451	54	2017-04-29	M
2452	1	2017-07-14	M
2453	1	2013-03-08	M
2454	8	2014-05-07	M
2455	30	2017-02-06	M
2456	65	2015-09-09	M
2457	76	2013-11-11	M
2458	40	2013-03-14	W
2459	55	2017-09-10	M
2460	1	2013-11-22	M
2461	1	2017-09-28	M
2463	56	2014-10-11	M
2464	33	2013-07-02	T
2465	57	2016-10-06	M
2466	39	2017-04-11	M
2467	33	2013-05-29	M
2468	4	2016-07-13	M
2469	11	2016-02-05	M
2470	16	2014-07-23	M
2471	6	2014-07-03	M
2472	60	2014-02-08	M
2473	14	2016-02-16	M
2474	33	2016-04-20	M
2475	17	2016-10-13	M
2476	32	2013-12-12	M
2477	11	2017-02-11	M
2479	18	2013-10-09	M
2480	35	2017-09-07	M
2481	1	2015-10-28	M
2482	1	2014-02-23	M
2483	1	2016-09-29	M
2484	74	2013-01-03	M
2485	41	2017-08-18	M
2486	1	2013-02-27	M
2487	42	2015-10-22	M
2488	5	2013-04-06	M
2489	72	2013-03-09	M
2490	22	2015-02-21	M
2491	76	2016-03-01	M
2492	73	2017-09-01	M
2493	62	2013-03-29	M
2494	74	2014-04-23	M
2495	70	2017-03-19	M
2496	51	2014-05-21	M
2497	65	2013-03-16	M
2498	40	2016-03-01	M
2499	2	2016-02-08	M
2500	61	2015-10-26	M
2501	30	2014-02-26	M
2502	32	2016-10-21	M
2503	1	2013-03-05	M
2504	16	2013-12-09	M
2505	60	2016-05-16	M
2506	22	2016-07-12	T
2507	62	2016-12-28	M
2508	34	2013-03-14	M
2509	43	2017-06-13	M
2510	61	2013-08-28	M
2511	40	2014-05-01	M
2513	70	2013-07-22	M
2514	16	2015-08-13	M
2515	64	2015-10-24	M
2516	6	2015-11-16	M
2517	55	2016-11-10	T
2519	4	2013-01-15	M
2520	18	2015-07-25	M
2521	63	2015-05-19	M
2522	36	2016-01-21	M
2523	10	2013-05-11	M
2524	1	2014-12-19	M
2525	45	2015-05-08	M
2526	16	2016-07-04	M
2527	38	2013-03-19	M
2528	65	2013-03-25	M
2530	74	2016-07-02	M
2531	51	2016-12-21	M
2532	38	2016-12-24	M
2533	49	2015-06-27	M
2534	61	2013-06-03	M
2535	61	2017-01-21	M
2536	41	2014-10-28	M
2537	27	2017-02-09	M
2538	42	2014-01-30	M
2539	24	2017-04-24	M
2540	54	2015-04-01	M
2541	57	2014-11-08	M
2542	21	2013-08-07	M
2543	68	2013-02-13	M
2544	38	2016-12-04	M
2545	1	2016-12-04	M
2546	1	2014-12-08	M
2547	74	2015-04-28	M
2548	57	2016-01-06	M
2549	74	2013-11-12	M
2550	67	2015-11-11	M
2551	5	2016-02-08	M
2552	52	2013-07-01	M
2553	41	2015-07-24	M
2554	36	2013-06-18	M
2555	53	2013-03-10	M
2556	46	2017-10-19	M
2557	40	2013-11-17	M
2558	46	2017-08-04	M
2559	32	2015-06-01	M
2560	15	2017-06-20	M
2561	59	2016-09-29	M
2562	35	2015-08-15	M
2563	48	2015-01-17	M
2564	36	2017-06-03	M
2565	74	2015-10-04	M
2566	48	2013-01-27	M
2567	17	2016-01-07	M
2568	17	2014-03-02	M
2569	2	2014-06-10	M
2570	1	2015-12-19	M
2571	61	2017-01-15	M
2572	64	2014-11-13	T
2573	4	2016-07-16	M
2574	68	2013-02-02	M
2575	72	2017-04-13	M
2576	1	2013-09-02	M
2577	7	2015-07-30	M
2578	54	2016-03-25	M
2579	24	2017-10-18	M
2580	60	2015-11-09	M
2581	72	2013-03-11	M
2582	28	2013-11-01	M
2583	62	2013-05-11	M
2584	50	2013-07-08	M
2585	75	2013-02-10	M
2586	57	2017-04-16	M
2587	1	2017-07-25	M
2588	5	2013-12-04	M
2589	10	2016-12-04	M
2590	47	2016-12-04	M
2591	1	2016-05-06	M
2592	69	2013-09-01	M
2593	5	2016-07-06	M
2594	19	2017-05-03	T
2595	1	2017-08-17	M
2596	1	2014-09-02	M
2597	31	2017-03-16	M
2598	1	2016-03-14	M
2599	48	2013-04-20	M
2600	1	2016-02-13	M
2601	70	2016-11-24	M
2602	46	2016-06-17	M
2603	9	2016-06-14	M
2604	68	2016-07-04	M
2605	21	2016-01-10	M
2606	1	2014-07-27	M
2607	1	2017-08-19	M
2608	19	2015-08-09	M
2609	73	2013-05-03	M
2610	54	2016-12-20	M
2611	1	2016-03-06	M
2612	1	2017-04-29	M
2613	26	2013-10-03	M
2614	44	2016-09-11	M
2615	68	2014-07-17	M
2616	1	2013-08-17	M
2617	1	2013-09-24	M
2618	60	2013-03-21	M
2619	20	2016-05-13	M
2620	22	2013-08-03	M
2621	55	2015-10-29	M
2622	1	2016-08-21	M
2623	58	2013-10-09	M
2624	31	2016-03-28	M
2625	48	2016-07-09	W
2627	76	2014-10-02	M
2628	64	2014-02-06	T
2629	66	2016-09-10	M
2630	64	2015-12-21	M
2631	1	2016-03-29	M
2632	24	2013-01-02	M
2633	25	2016-03-14	M
2634	45	2017-10-08	M
2635	27	2016-02-04	M
2636	18	2016-11-26	M
2637	70	2017-01-01	M
2638	5	2014-06-02	M
2639	17	2013-04-26	M
2640	1	2016-09-21	M
2641	7	2013-05-02	M
2642	68	2015-06-05	M
2644	1	2017-08-08	M
2645	54	2013-05-22	M
2646	6	2017-07-24	M
2647	73	2013-02-08	M
2648	51	2013-04-13	M
2649	2	2013-09-08	M
2650	72	2016-03-26	M
2651	2	2013-03-21	M
2652	1	2016-07-22	M
2653	66	2017-01-08	M
2654	56	2014-07-21	M
2655	1	2016-09-07	M
2656	1	2017-02-18	M
2657	55	2016-10-07	M
2658	27	2017-11-14	M
2659	14	2016-03-30	M
2660	1	2013-10-17	W
2661	1	2017-02-25	M
2662	71	2014-05-24	M
2663	64	2015-01-25	M
2664	58	2014-01-20	M
2665	61	2013-11-13	M
2666	49	2013-03-08	M
2667	23	2013-10-23	M
2668	21	2017-05-20	M
2670	13	2013-01-27	M
2671	1	2013-09-15	M
2672	59	2017-03-14	M
2673	34	2014-01-04	M
2674	50	2015-10-10	M
2675	1	2014-02-19	M
2676	73	2013-01-22	M
2677	5	2016-08-28	M
2678	1	2017-07-15	M
2679	67	2017-07-24	M
2680	46	2015-03-03	M
2681	28	2015-01-19	M
2684	7	2017-09-10	M
2685	67	2016-11-01	M
2686	26	2016-01-11	M
2687	76	2013-07-01	M
2688	72	2015-02-20	M
2689	70	2017-01-01	M
2690	66	2017-03-19	M
2691	69	2013-09-08	M
2692	28	2015-12-08	M
2693	17	2017-11-17	M
2694	7	2013-03-08	M
2695	16	2013-09-16	M
2696	1	2017-01-19	M
2697	8	2013-06-26	M
2698	49	2017-05-21	M
2699	73	2016-12-25	M
2700	74	2013-11-08	M
2701	71	2013-07-27	M
2702	74	2016-02-01	M
2703	61	2017-10-28	M
2705	63	2013-07-05	T
2706	47	2016-06-23	M
2707	61	2014-11-27	M
2708	1	2016-03-25	M
2709	2	2016-10-18	M
2710	12	2016-06-12	M
2711	58	2013-05-19	M
2712	9	2013-03-12	M
2713	26	2014-04-03	M
2714	1	2013-01-30	M
2715	42	2017-10-06	M
2716	66	2016-01-08	M
2717	74	2016-07-25	M
2718	29	2015-02-05	M
2719	10	2016-02-08	M
2720	2	2017-06-16	W
2721	74	2017-11-14	M
2722	69	2017-07-24	M
2723	75	2015-03-12	M
2724	11	2016-08-09	M
2725	52	2017-04-02	M
2726	18	2015-04-20	M
2727	1	2015-10-25	M
2728	52	2017-07-06	W
2729	40	2015-01-16	M
2730	23	2016-05-02	M
2731	1	2015-09-26	M
2732	5	2013-07-27	M
2733	76	2013-12-22	M
2734	53	2016-12-16	M
2736	72	2013-07-02	M
2737	69	2016-07-06	M
2738	41	2013-11-12	M
2739	59	2013-11-29	M
2740	14	2014-05-08	M
2741	15	2013-06-07	M
2742	23	2014-10-15	M
2743	51	2017-05-22	M
2744	70	2017-04-19	W
2745	60	2017-09-28	M
2746	24	2016-08-23	M
2747	1	2014-08-14	M
2749	1	2014-05-23	M
2750	13	2015-04-13	M
2751	31	2015-04-28	M
2752	74	2016-05-15	M
2753	26	2016-02-13	M
2754	57	2016-01-26	W
2755	20	2015-01-26	M
2756	24	2017-10-21	M
2757	54	2016-05-14	M
2758	70	2013-05-19	M
2759	46	2016-10-23	M
2760	10	2017-03-14	M
2761	1	2016-12-26	M
2762	19	2013-03-20	M
2763	64	2013-02-11	M
2764	53	2016-08-15	M
2765	69	2017-09-20	M
2766	31	2017-02-20	M
2767	54	2016-03-23	M
2768	73	2013-12-20	M
2770	42	2013-12-25	M
2771	37	2013-08-18	M
2772	11	2016-02-24	M
2773	38	2016-06-23	M
2774	42	2016-02-05	M
2775	30	2017-12-08	M
2776	23	2017-08-10	M
2777	62	2016-12-25	M
2778	38	2013-12-30	M
2779	73	2013-06-15	M
2780	63	2015-12-29	M
2781	16	2015-06-20	M
2782	1	2017-02-27	M
2783	43	2015-11-23	M
2784	40	2017-10-30	M
2787	1	2017-12-07	M
2788	54	2014-10-12	M
2789	14	2014-01-01	M
2790	1	2014-10-18	M
2791	25	2017-12-19	M
2792	1	2016-08-26	M
2793	47	2013-10-09	M
2794	74	2016-08-08	M
2795	11	2016-08-20	M
2796	5	2017-12-08	W
2797	74	2017-02-26	M
2798	70	2014-08-24	M
2799	54	2014-04-03	W
2800	41	2017-05-08	M
2801	11	2016-09-23	M
2802	1	2013-09-16	M
2803	58	2015-12-01	M
2804	53	2016-02-22	M
2805	39	2016-05-20	M
2806	53	2017-06-26	M
2807	42	2016-10-04	M
2808	1	2014-12-18	M
2809	73	2014-12-08	M
2810	66	2015-03-16	M
2811	4	2016-01-02	M
2812	18	2016-07-05	M
2813	24	2013-12-15	M
2814	72	2013-04-25	M
2816	74	2017-05-04	M
2817	56	2013-04-07	M
2818	40	2013-07-21	M
2819	35	2014-07-16	M
2820	36	2017-12-11	M
2821	54	2016-07-12	M
2823	57	2013-04-18	M
2824	11	2013-10-20	M
2825	54	2016-07-10	M
2826	35	2016-11-20	M
2827	70	2016-12-18	M
2829	66	2017-08-18	M
2830	20	2015-08-04	M
2831	1	2017-11-10	M
2832	12	2017-11-22	M
2833	64	2015-08-30	M
2834	70	2015-10-14	M
2835	73	2015-10-03	M
2836	42	2015-11-18	M
2837	46	2016-06-02	M
2838	3	2013-04-13	W
2839	70	2015-04-04	M
2840	15	2014-10-09	M
2841	71	2013-07-27	M
2842	14	2013-12-29	M
2843	30	2017-03-29	M
2844	43	2016-01-19	M
2845	62	2017-08-21	M
2846	1	2017-09-27	M
2847	75	2014-05-08	M
2849	1	2013-09-16	M
2850	57	2017-11-22	M
2851	17	2015-12-02	M
2852	70	2016-12-29	M
2853	54	2015-09-08	M
2854	1	2017-01-18	M
2855	27	2015-08-21	M
2856	25	2015-03-18	M
2857	19	2017-04-28	M
2858	56	2015-08-22	M
2859	11	2013-10-23	M
2860	54	2017-05-30	W
2861	38	2013-02-10	M
2862	33	2013-06-07	M
2863	14	2016-01-21	M
2864	54	2016-03-16	M
2865	1	2015-03-03	M
2866	43	2015-09-13	M
2867	30	2013-11-04	M
2868	1	2014-06-15	M
2869	68	2016-09-27	M
2870	1	2016-06-18	M
2871	52	2015-10-30	M
2872	1	2016-09-04	M
2873	70	2016-12-13	M
2874	32	2017-04-02	M
2875	19	2016-12-24	M
2876	52	2013-04-22	M
2877	37	2015-06-04	M
2878	1	2017-06-14	M
2879	15	2017-10-14	M
2880	71	2013-06-16	M
2881	70	2013-01-04	M
2882	44	2016-07-20	M
2883	77	2017-06-29	M
2884	1	2013-02-08	M
2885	1	2016-09-04	M
2886	1	2014-04-08	M
2887	76	2016-07-13	M
2888	19	2016-05-23	M
2889	8	2016-03-23	M
2890	69	2016-02-07	M
2891	42	2017-05-28	M
2892	64	2017-12-16	M
2893	39	2016-02-08	M
2894	17	2013-08-28	M
2895	19	2013-03-09	M
2896	29	2013-03-30	M
2897	51	2017-10-11	M
2898	54	2016-11-23	M
2899	40	2017-04-03	M
2900	20	2017-05-14	M
2901	1	2017-04-09	M
2902	32	2013-01-28	M
2903	38	2014-05-19	M
2904	13	2016-03-20	M
2905	74	2014-10-03	M
2906	49	2016-09-20	M
2907	70	2013-09-09	M
2908	61	2017-03-16	M
2909	58	2016-04-04	M
2910	68	2017-10-21	M
2911	33	2015-02-25	M
2912	74	2014-07-30	M
2913	8	2013-12-28	M
2914	4	2016-09-08	M
2915	57	2013-07-23	M
2916	6	2016-12-03	M
2917	68	2016-08-08	M
2918	15	2017-12-05	T
2919	77	2015-05-10	M
2920	73	2017-11-13	M
2921	54	2016-09-21	M
2922	16	2014-06-06	M
2923	43	2015-01-10	M
2924	56	2014-10-16	M
2925	1	2013-01-10	M
2926	50	2013-01-14	M
2927	37	2017-08-04	M
2928	55	2013-12-14	M
2929	51	2016-04-06	M
2930	1	2016-08-24	M
2931	36	2015-05-04	M
2932	72	2013-05-04	M
2933	10	2013-06-18	M
2934	1	2016-10-08	M
2935	68	2015-05-15	M
2936	3	2016-03-27	M
2937	1	2017-02-25	M
2938	1	2013-08-04	M
2939	5	2017-06-28	M
2940	54	2013-06-24	M
2942	44	2017-09-24	M
2944	22	2016-01-11	M
2945	6	2016-07-11	M
2946	54	2016-05-07	M
2947	57	2016-08-09	M
2949	1	2014-10-21	M
2950	62	2016-06-28	M
2951	44	2013-09-06	M
2952	65	2017-04-28	M
2953	1	2016-09-02	M
2954	1	2017-04-08	M
2955	67	2016-09-27	M
2956	15	2017-06-10	M
2957	25	2015-07-28	M
2958	48	2013-09-19	M
2959	8	2014-02-25	M
2960	19	2014-09-20	M
2961	9	2016-07-12	M
2962	1	2013-05-30	M
2963	31	2016-12-09	M
2964	72	2017-01-09	M
2965	6	2015-10-10	M
2966	33	2017-03-27	M
2967	38	2016-11-13	M
2968	15	2015-02-05	M
2969	29	2015-05-26	M
2970	60	2013-01-22	M
2971	76	2013-12-23	W
2972	12	2013-11-23	M
2973	23	2016-08-15	M
2974	9	2013-03-13	M
2976	13	2016-08-19	M
2977	28	2016-06-20	M
2978	74	2015-01-06	M
2979	10	2017-11-22	M
2980	66	2013-12-09	M
2981	46	2017-01-11	M
2982	19	2016-06-04	M
2983	42	2016-07-25	M
2985	71	2013-04-06	M
2986	63	2016-04-09	M
2987	18	2013-09-16	M
2988	66	2016-10-14	T
2989	4	2013-11-28	M
2990	30	2016-09-16	M
2991	19	2013-05-22	M
2992	43	2017-07-11	M
2993	1	2016-02-13	W
2994	77	2016-05-03	M
2995	51	2016-12-14	M
2996	54	2014-05-17	M
2997	40	2017-09-09	M
2998	21	2017-11-09	M
2999	66	2016-10-08	M
3000	28	2013-07-14	M
3001	1	2013-03-24	M
3003	18	2013-11-27	M
3004	11	2016-08-22	M
3005	42	2017-01-11	T
3006	64	2015-01-01	M
3007	16	2013-02-02	M
3008	72	2013-02-27	M
3009	1	2016-01-26	M
3010	46	2015-09-13	M
3011	64	2013-09-01	M
3012	49	2017-04-18	M
3013	73	2017-12-09	M
3014	75	2015-03-03	W
3015	19	2016-06-15	M
3016	26	2016-02-23	M
3017	75	2014-08-12	M
3018	34	2016-12-03	M
3019	33	2016-04-21	M
3020	3	2016-08-09	M
3021	10	2016-04-20	M
3022	64	2016-10-30	M
3023	35	2017-10-14	M
3024	1	2016-12-18	M
3025	25	2017-12-27	M
3026	24	2013-02-18	M
3027	62	2016-04-29	M
3028	27	2013-09-15	M
3029	42	2016-12-24	M
3030	65	2014-06-22	M
3031	51	2017-03-10	M
3032	5	2013-06-07	M
3033	69	2017-12-10	M
3035	15	2013-08-16	W
3036	10	2014-04-10	M
3037	44	2014-05-26	M
3038	10	2016-04-28	M
3039	1	2013-12-10	M
3040	17	2016-08-03	M
3041	70	2016-04-04	M
3042	10	2013-09-16	M
3043	1	2016-12-29	M
3044	72	2016-09-14	M
3045	1	2015-06-08	M
3046	74	2017-08-11	M
3047	16	2013-02-17	M
3048	74	2017-12-26	W
3049	61	2014-09-08	M
3050	60	2013-05-08	M
3051	9	2016-01-01	M
3052	44	2017-04-26	M
3053	11	2013-08-23	M
3055	15	2016-05-26	M
3056	55	2013-12-22	M
3057	9	2017-07-23	M
3058	44	2014-10-23	M
3059	1	2017-02-15	M
3060	73	2017-06-09	M
3061	76	2015-11-08	M
3062	17	2017-08-15	M
3063	72	2013-05-26	M
3064	40	2013-05-23	M
3066	74	2016-08-12	M
3067	46	2017-01-30	M
3068	59	2013-04-25	M
3069	66	2013-03-20	M
3070	56	2017-08-21	M
3071	41	2016-10-03	M
3072	8	2013-06-05	M
3074	74	2014-10-08	W
3075	71	2017-06-25	M
3076	54	2013-03-27	M
3077	64	2017-04-16	M
3078	1	2013-07-16	M
3079	18	2016-02-26	M
3080	57	2015-10-29	M
3082	33	2017-11-16	M
3083	66	2017-03-18	M
3084	59	2016-01-28	W
3085	66	2017-07-03	M
3086	1	2013-11-02	M
3087	15	2013-12-04	M
3088	18	2016-03-08	M
3089	12	2016-07-02	W
3090	1	2016-12-10	M
3091	3	2013-11-11	M
3092	46	2015-12-20	M
3093	16	2016-11-21	M
3094	56	2013-12-20	M
3096	68	2013-06-29	M
3097	66	2017-08-14	M
3098	1	2016-09-16	M
3099	70	2013-05-20	M
3100	65	2017-06-22	M
3101	1	2014-02-27	M
3102	33	2017-11-23	M
3103	1	2017-09-21	T
3104	1	2017-04-29	M
3105	37	2017-11-21	M
3106	12	2017-09-26	W
3107	5	2013-11-20	M
3108	53	2013-03-14	M
3109	18	2015-04-08	M
3110	48	2017-01-12	M
3111	60	2015-11-08	M
3112	38	2014-08-12	M
3113	67	2013-08-16	M
3114	1	2016-06-15	M
3115	14	2016-03-27	M
3116	54	2016-04-05	M
3117	33	2013-02-24	M
3118	48	2016-03-10	M
3119	33	2017-05-02	M
3120	1	2016-06-20	M
3121	46	2016-03-08	M
3122	74	2017-05-12	M
3124	6	2015-06-13	M
3125	37	2016-12-16	M
3126	17	2016-09-03	M
3127	66	2013-08-08	M
3128	1	2015-01-06	M
3129	5	2013-12-05	M
3130	13	2016-03-20	M
3131	21	2015-10-23	M
3132	56	2015-10-08	M
3133	66	2013-06-14	M
3134	48	2014-04-29	M
3135	72	2013-12-27	M
3136	69	2013-08-07	M
3137	39	2016-12-15	M
3138	37	2016-03-24	M
3139	12	2015-08-30	M
3140	3	2017-05-13	M
3141	1	2015-01-06	W
3142	2	2014-09-14	M
3143	38	2016-10-18	M
3144	67	2016-03-09	M
3145	4	2013-12-03	M
3146	68	2013-10-26	M
3147	54	2015-04-05	M
3148	33	2015-11-19	M
3149	57	2016-06-27	M
3151	6	2016-02-21	M
3152	1	2013-07-16	M
3153	2	2016-07-05	M
3154	1	2017-07-02	M
3155	28	2016-08-29	M
3156	1	2017-11-16	T
3157	77	2013-09-10	M
3158	71	2016-10-03	M
3160	22	2014-06-19	M
3161	48	2016-08-26	M
3162	63	2016-05-18	W
3163	41	2017-05-24	M
3164	33	2013-12-24	M
3166	71	2013-08-10	M
3167	18	2014-08-08	M
3168	39	2013-02-20	M
3169	19	2017-12-19	M
3170	1	2016-01-12	M
3171	61	2013-09-28	M
3172	77	2017-05-27	M
3173	39	2013-05-15	M
3174	65	2017-12-10	M
3175	50	2016-10-08	M
3176	26	2017-03-26	M
3177	74	2016-11-12	M
3178	4	2016-04-27	M
3179	71	2016-09-20	M
3180	1	2016-06-18	M
3181	42	2013-05-16	M
3182	6	2016-12-20	M
3183	45	2014-04-01	M
3184	1	2014-02-18	M
3185	45	2017-07-29	M
3186	10	2015-05-28	M
3187	59	2017-12-20	M
3188	24	2017-02-20	M
3189	29	2015-11-29	M
3190	1	2016-12-30	M
3191	72	2016-09-17	M
3192	18	2016-07-28	M
3193	74	2016-02-27	M
3194	11	2017-04-19	M
3195	40	2013-09-02	M
3196	1	2013-12-13	M
3197	1	2013-12-25	M
3199	66	2016-06-06	M
3200	17	2015-10-20	T
3201	4	2014-04-17	M
3202	8	2017-06-04	M
3203	23	2015-08-07	M
3204	61	2016-07-13	M
3205	1	2015-12-17	M
3206	38	2016-06-22	M
3208	29	2017-08-04	M
3209	45	2017-12-10	M
3210	1	2013-05-17	M
3211	72	2017-06-09	M
3212	70	2013-07-25	M
3213	51	2013-04-12	M
3214	67	2017-05-10	M
3216	3	2015-08-11	M
3217	75	2017-04-23	T
3218	41	2013-11-14	M
3219	1	2016-03-26	M
3220	29	2013-08-14	M
3221	5	2013-08-17	M
3222	4	2013-07-21	M
3223	1	2013-12-07	M
3224	55	2016-11-10	M
3225	1	2013-11-01	M
3226	65	2014-08-28	M
3227	1	2016-06-24	M
3228	29	2016-10-30	M
3229	64	2015-11-18	M
3230	1	2015-03-11	M
3231	73	2015-04-18	M
3232	37	2016-10-02	M
3233	31	2015-03-03	M
3234	1	2015-09-16	M
3235	8	2015-01-26	M
3236	52	2017-02-20	M
3237	20	2013-10-02	M
3238	47	2016-01-07	M
3239	5	2016-06-19	M
3240	35	2016-05-29	W
3241	44	2013-07-16	M
3242	28	2017-03-02	M
3243	1	2013-11-10	M
3244	56	2015-01-14	M
3245	45	2017-06-26	M
3246	54	2013-06-14	M
3247	61	2016-04-11	M
3248	77	2016-05-11	M
3249	74	2016-10-11	M
3250	1	2015-01-06	M
3251	59	2015-05-18	M
3252	12	2015-06-12	M
3253	71	2014-03-15	T
3254	36	2015-08-27	M
3255	1	2013-09-15	M
3256	40	2016-11-19	M
3258	53	2013-06-05	M
3259	1	2014-04-11	M
3260	68	2013-03-25	M
3261	1	2013-07-07	M
3262	23	2017-06-22	M
3263	44	2016-03-07	M
3264	70	2013-10-23	M
3265	52	2016-03-30	T
3266	14	2017-03-29	M
3267	64	2013-07-21	M
3268	21	2013-09-20	M
3269	37	2015-09-03	M
3270	30	2015-08-08	M
3271	8	2016-10-12	M
3272	53	2016-08-30	M
3273	74	2015-12-29	M
3274	76	2017-09-17	M
3275	74	2014-06-29	M
3276	1	2017-12-29	M
3277	36	2013-07-12	M
3278	4	2016-01-02	M
3279	46	2014-12-17	W
3280	1	2016-04-24	M
3281	1	2017-08-06	M
3282	1	2016-11-24	M
3283	68	2013-03-26	M
3284	64	2013-05-17	M
3285	43	2016-05-12	M
3286	8	2016-02-26	M
3287	18	2013-07-26	M
3288	54	2014-09-15	M
3289	1	2014-06-02	M
3290	19	2016-12-09	M
3291	45	2016-11-16	M
3292	1	2013-12-21	M
3293	1	2017-08-08	M
3294	75	2016-04-09	M
3296	67	2016-03-15	M
3297	53	2015-02-17	M
3298	29	2013-08-04	M
3299	11	2017-05-16	W
3300	71	2017-09-19	M
3301	14	2016-04-25	M
3302	21	2013-03-02	M
3303	1	2015-11-17	M
3304	36	2017-01-16	M
3305	13	2015-12-09	M
3306	75	2013-08-24	M
3307	30	2014-03-13	M
3308	40	2016-04-02	M
3309	66	2013-11-20	M
3310	25	2013-09-15	M
3311	8	2016-08-18	M
3312	30	2016-12-04	M
3314	25	2016-10-14	M
3315	23	2015-08-24	M
3316	28	2013-05-06	M
3317	4	2015-10-04	M
3318	62	2016-06-25	M
3319	56	2013-08-29	M
3320	1	2015-12-01	M
3321	17	2015-04-18	M
3322	65	2016-03-20	W
3323	13	2013-09-08	M
3324	3	2017-10-17	M
3325	11	2017-11-03	M
3326	5	2013-11-11	M
3327	45	2013-04-16	M
3328	1	2017-03-17	M
3329	3	2016-10-12	M
3330	76	2015-07-08	M
3331	16	2017-02-20	M
3332	17	2017-03-25	M
3333	44	2017-11-27	M
3334	67	2016-07-09	M
3335	35	2016-02-18	M
3336	51	2014-09-19	M
3337	58	2017-02-22	T
3338	25	2015-12-24	M
3339	1	2016-09-27	M
3342	59	2017-10-06	M
3343	1	2017-08-03	M
3344	70	2017-05-15	M
3345	22	2013-12-08	M
3346	1	2017-07-25	M
3347	4	2016-08-19	M
3348	4	2014-12-08	M
3349	47	2016-03-28	M
3350	74	2016-07-13	M
3351	70	2016-03-08	M
3352	42	2013-11-08	M
3353	74	2016-08-27	M
3354	63	2013-11-05	M
3355	70	2014-02-26	M
3357	54	2015-07-26	M
3358	44	2016-02-21	M
3359	8	2016-07-30	M
3360	71	2017-11-10	M
3361	45	2013-08-26	M
3362	73	2015-01-25	M
3363	30	2015-06-24	M
3364	21	2014-12-08	W
3365	11	2017-11-18	M
3366	68	2016-03-02	M
3367	1	2013-04-01	M
3368	24	2015-09-14	M
3369	8	2014-12-01	M
3370	49	2013-11-15	M
3371	68	2013-11-04	M
3372	23	2014-05-26	M
3373	27	2016-01-18	M
3374	21	2013-02-17	M
3375	9	2017-01-15	M
3376	58	2016-11-17	M
3377	74	2016-12-02	M
3378	55	2014-03-14	M
3379	63	2017-01-24	M
3380	64	2013-12-10	M
3381	68	2017-08-02	M
3382	23	2017-11-20	W
3383	29	2017-09-28	M
3384	14	2015-11-05	M
3385	1	2017-12-21	M
3386	2	2015-05-23	M
3387	25	2016-12-28	W
3389	13	2016-01-30	M
3390	12	2016-12-22	W
3391	74	2013-04-01	M
3392	1	2015-06-08	M
3393	4	2016-12-22	M
3394	23	2016-10-09	M
3395	16	2017-11-05	M
3396	1	2017-11-20	M
3397	49	2016-08-04	M
3398	43	2017-04-15	M
3399	63	2016-09-26	M
3401	38	2017-10-04	W
3402	76	2015-03-16	W
3403	63	2017-05-20	M
3404	33	2017-11-04	M
3405	36	2014-03-07	M
3406	53	2017-12-08	M
3407	28	2013-08-24	M
3408	62	2013-09-19	M
3409	23	2016-03-01	M
3410	39	2015-07-03	M
3411	19	2016-12-17	M
3412	31	2016-12-20	M
3413	70	2013-07-13	M
3415	75	2017-12-06	M
3417	48	2015-09-28	M
3418	42	2016-09-02	T
3419	1	2014-10-29	M
3421	31	2015-02-01	M
3422	21	2016-03-28	M
3423	11	2017-11-10	M
3424	74	2013-02-16	M
3425	70	2014-08-24	M
3426	9	2016-07-13	W
3427	36	2016-08-23	M
3428	27	2017-07-12	M
3429	73	2013-12-17	M
3430	9	2016-12-10	M
3431	64	2016-09-21	M
3432	1	2016-06-25	M
3433	73	2017-07-07	M
3434	32	2016-05-13	M
3435	59	2013-07-01	M
3436	5	2015-06-24	M
3437	1	2016-11-13	M
3438	35	2016-12-21	M
3439	16	2016-02-16	M
3440	22	2015-09-22	M
3442	4	2016-01-16	M
3443	45	2016-07-26	M
3444	53	2017-09-04	W
3445	1	2014-02-22	M
3446	6	2016-09-27	T
3448	58	2016-06-06	W
3449	1	2015-04-27	M
3450	1	2016-12-13	M
3451	52	2016-04-27	M
3452	63	2016-12-13	M
3453	13	2015-06-08	M
3454	32	2016-10-17	M
3455	34	2016-03-13	M
3456	32	2013-09-06	M
3457	54	2014-10-01	M
3458	63	2015-07-07	M
3459	76	2016-06-02	M
3460	16	2017-04-08	M
3461	8	2017-06-23	M
3462	51	2016-03-04	M
3463	38	2017-09-21	M
3464	25	2015-05-05	M
3465	1	2013-07-16	M
3466	64	2015-02-16	M
3467	17	2016-08-25	M
3468	32	2016-02-14	M
3469	76	2013-05-22	M
3470	8	2017-01-12	M
3471	63	2017-01-22	M
3472	55	2016-07-21	M
3474	23	2015-07-12	M
3476	3	2015-12-16	M
3477	71	2013-08-22	M
3478	30	2014-09-04	M
3479	22	2014-06-14	M
3480	58	2013-09-14	M
3482	70	2015-01-03	M
3483	40	2013-10-12	M
3484	22	2014-06-01	M
3485	53	2016-06-19	M
3486	64	2015-10-09	M
3487	41	2013-01-08	M
3489	9	2014-12-08	M
3490	48	2015-11-26	M
3491	51	2016-07-27	M
3492	33	2015-09-10	M
3493	63	2013-07-22	M
3494	60	2016-07-22	M
3495	54	2016-05-17	M
3496	42	2017-06-11	M
3497	76	2014-08-02	M
3498	31	2016-11-12	M
3499	51	2016-09-14	M
3501	36	2017-12-13	M
3502	74	2016-03-08	M
3503	1	2014-07-17	M
3504	70	2016-08-30	M
3505	46	2013-09-23	M
3506	70	2017-05-08	M
3507	9	2016-12-01	M
3508	42	2016-09-12	M
3509	2	2013-09-05	M
3510	41	2013-01-07	M
3511	70	2016-07-23	M
3512	46	2016-05-11	M
3513	20	2013-03-03	M
3514	7	2013-02-03	M
3515	68	2016-06-16	M
3516	36	2017-09-07	W
3517	26	2016-11-22	M
3518	9	2016-07-22	M
3519	52	2016-02-10	M
3520	72	2015-06-04	M
3521	75	2013-06-22	M
3522	16	2016-06-07	M
3523	65	2016-05-14	M
3524	66	2017-06-28	M
3525	70	2015-12-01	M
3526	1	2016-07-22	M
3527	44	2017-01-11	M
3528	10	2014-03-05	M
3529	12	2017-07-08	M
3530	34	2016-01-03	M
3531	59	2016-05-03	M
3532	73	2015-07-18	M
3533	74	2014-08-29	M
3534	59	2016-04-08	M
3535	1	2013-10-05	M
3536	24	2014-08-11	M
3537	45	2017-08-22	M
3538	58	2013-08-08	M
3539	42	2014-06-08	M
3540	18	2017-01-03	M
3541	70	2017-03-02	M
3542	49	2013-06-11	M
3543	74	2016-07-21	M
3544	33	2017-04-07	M
3545	51	2013-02-17	M
3546	55	2017-02-03	M
3547	54	2013-08-07	M
3548	23	2013-11-11	M
3549	27	2016-08-14	M
3550	68	2016-07-04	M
3551	6	2013-10-17	M
3552	62	2015-09-06	M
3553	70	2015-08-30	M
3554	66	2013-02-16	M
3555	32	2014-09-26	M
3556	58	2017-08-29	M
3557	72	2016-11-02	M
3558	4	2013-05-23	M
3559	18	2015-12-30	M
3560	57	2016-11-10	M
3561	33	2017-10-15	M
3562	50	2016-07-19	M
3563	1	2016-07-04	M
3564	14	2016-11-17	M
3565	30	2017-02-12	M
3566	21	2013-06-09	M
3567	5	2014-12-20	M
3568	40	2016-04-11	M
3569	1	2016-09-18	M
3570	44	2013-11-29	M
3571	39	2013-11-21	M
3572	65	2015-11-12	M
3573	59	2016-06-27	M
3574	72	2017-03-08	M
3575	7	2013-09-08	M
3576	58	2014-11-07	M
3577	74	2017-05-11	M
3578	1	2016-02-17	M
3579	53	2014-09-02	M
3580	43	2013-08-01	M
3581	66	2017-03-26	M
3582	19	2015-08-26	M
3583	40	2015-02-03	M
3584	55	2016-06-12	M
3585	1	2016-06-23	M
3586	59	2013-03-27	M
3587	64	2015-12-24	M
3588	33	2016-06-28	M
3589	5	2016-11-13	M
3590	57	2016-06-02	M
3591	1	2016-06-09	T
3592	54	2013-01-08	M
3593	1	2013-02-18	M
3594	29	2013-12-30	M
3595	30	2014-05-01	M
3596	59	2016-04-23	M
3597	1	2016-02-11	T
3598	76	2017-11-02	M
3599	63	2014-03-20	M
3600	27	2013-08-10	M
3601	54	2015-06-13	M
3602	18	2016-12-03	M
3603	3	2017-09-17	M
3604	75	2013-12-22	M
3605	3	2016-03-24	M
3606	1	2016-04-18	M
3608	72	2014-08-30	W
3609	28	2013-08-03	M
3610	1	2017-09-22	M
3612	70	2014-08-27	M
3613	43	2013-08-10	M
3614	19	2016-08-07	M
3615	46	2016-11-05	M
3616	50	2017-12-15	M
3617	22	2013-11-15	M
3618	29	2013-09-29	M
3620	14	2017-02-06	M
3621	32	2014-12-25	M
3622	53	2014-10-15	M
3623	59	2015-02-12	M
3624	32	2015-05-30	W
3625	3	2014-08-22	M
3626	51	2016-11-05	M
3628	70	2015-09-12	M
3629	48	2013-07-27	M
3631	1	2015-08-13	M
3632	56	2016-04-06	W
3633	18	2017-02-06	M
3634	21	2017-04-16	M
3635	10	2017-05-04	M
3636	21	2014-05-22	M
3637	53	2015-10-28	M
3638	52	2016-01-10	T
3639	4	2017-01-08	M
3640	10	2013-11-05	M
3641	7	2015-01-09	M
3643	1	2014-12-22	M
3644	38	2013-04-13	M
3645	36	2016-06-18	M
3646	63	2015-10-20	W
3647	77	2016-06-17	M
3648	61	2016-05-06	M
3649	54	2013-05-14	M
3650	8	2014-06-05	M
3651	23	2013-02-27	M
3652	36	2017-03-02	M
3653	31	2014-05-03	M
3654	47	2013-07-13	M
3655	1	2015-12-24	M
3656	53	2013-08-06	M
3657	62	2017-09-19	M
3658	24	2017-03-25	M
3659	54	2017-02-01	M
3660	74	2013-11-14	M
3661	50	2016-01-11	M
3662	4	2017-05-26	M
3663	67	2014-11-06	M
3664	1	2016-04-28	M
3665	28	2017-06-28	M
3667	55	2014-01-26	M
3668	1	2016-06-15	M
3669	76	2013-12-22	M
3670	27	2013-06-04	M
3671	21	2017-09-17	M
3672	26	2016-03-19	M
3673	30	2016-01-12	M
3674	38	2013-03-12	M
3675	64	2013-03-20	M
3676	58	2016-06-08	M
3677	1	2015-10-04	M
3678	1	2013-03-24	M
3679	64	2015-08-15	M
3680	27	2016-02-16	M
3681	70	2017-01-25	M
3682	70	2013-06-07	M
3683	33	2013-08-13	M
3684	23	2014-03-04	M
3686	77	2017-08-03	M
3687	71	2013-11-06	M
3688	70	2013-11-10	M
3689	8	2015-11-29	M
3690	67	2016-10-18	T
3691	50	2013-02-19	M
3692	70	2017-04-21	M
3693	61	2013-01-29	M
3694	70	2016-07-06	M
3695	30	2017-04-02	M
3696	1	2016-06-22	M
3697	45	2013-04-29	M
3698	1	2016-03-03	M
3699	50	2013-08-05	M
3700	1	2017-06-03	M
3701	76	2013-10-06	M
3702	53	2015-04-13	M
3703	74	2017-06-18	M
3704	75	2013-01-24	M
3705	20	2017-10-24	M
3706	8	2016-04-04	M
3708	64	2016-11-24	M
3709	74	2016-03-05	M
3710	1	2015-02-25	M
3711	3	2017-05-08	M
3712	3	2014-09-13	M
3713	14	2013-06-08	W
3714	2	2014-04-21	W
3715	74	2017-11-27	M
3716	1	2017-04-14	M
3717	56	2014-05-20	M
3718	63	2014-04-16	M
3719	37	2017-06-19	M
3720	36	2013-07-30	M
3721	22	2016-02-21	M
3722	76	2017-12-07	M
3723	2	2016-06-14	M
3724	16	2017-08-06	M
3725	33	2015-06-11	M
3726	54	2016-07-14	M
3727	66	2016-01-19	M
3728	10	2014-08-18	M
3729	31	2015-04-14	M
3730	17	2014-09-08	M
3731	70	2016-05-20	M
3732	21	2017-05-25	M
3733	33	2016-07-22	M
3734	43	2013-03-08	M
3735	1	2015-04-27	M
3736	54	2016-05-08	M
3737	34	2015-03-01	M
3738	51	2013-08-01	M
3739	1	2017-03-25	M
3741	65	2016-08-18	M
3742	59	2017-05-11	M
3743	1	2016-03-22	M
3745	5	2013-08-04	M
3746	70	2016-06-04	M
3747	1	2014-05-01	M
3748	1	2013-07-10	M
3749	68	2016-08-10	M
3750	77	2015-03-18	M
3751	9	2013-09-15	M
3752	1	2014-11-25	M
3753	28	2015-02-24	M
3754	37	2016-02-19	W
3755	64	2016-01-20	M
3756	39	2014-10-17	W
3757	64	2017-09-24	M
3758	38	2015-09-19	M
3759	1	2013-12-29	M
3760	44	2013-01-13	M
3763	55	2015-08-23	M
3764	69	2015-11-05	M
3765	32	2016-11-14	M
3766	29	2016-10-18	T
3767	1	2015-11-15	M
3768	52	2017-06-06	M
3769	3	2016-05-14	M
3770	23	2015-09-20	M
3771	22	2013-06-11	M
3772	7	2015-11-20	M
3773	10	2017-05-04	M
3774	72	2016-08-30	M
3775	19	2013-06-27	M
3776	1	2016-10-16	M
3777	70	2015-01-19	M
3778	52	2013-07-04	M
3779	74	2015-07-08	M
3780	44	2015-11-25	M
3781	31	2013-03-26	M
3782	9	2017-03-17	W
3783	40	2015-11-29	M
3784	25	2016-01-22	M
3785	10	2013-03-24	M
3786	21	2013-06-22	M
3787	70	2013-02-19	M
3788	70	2013-04-10	M
3789	6	2016-08-18	M
3790	1	2017-05-13	W
3791	1	2016-05-03	W
3792	10	2013-08-11	M
3793	5	2016-06-28	M
3794	20	2017-02-03	M
3795	36	2016-03-18	M
3796	53	2013-05-25	M
3797	64	2014-09-03	M
3798	15	2017-08-27	M
3799	74	2016-11-29	M
3800	30	2016-09-16	M
3801	1	2016-06-20	M
3802	44	2016-04-18	M
3803	61	2016-01-26	M
3804	7	2014-04-07	M
3805	9	2014-07-02	M
3806	36	2016-04-18	M
3807	53	2015-09-05	M
3808	38	2013-08-11	M
3809	1	2016-11-21	M
3810	43	2015-06-22	M
3811	1	2016-10-26	M
3812	72	2015-01-16	M
3813	1	2017-10-09	M
3814	74	2015-12-27	M
3815	1	2016-03-24	M
3816	25	2016-04-21	M
3817	70	2015-02-10	M
3818	74	2013-01-01	M
3819	69	2016-11-11	M
3820	1	2013-11-14	M
3821	18	2016-04-18	M
3822	8	2013-09-22	M
3823	74	2015-04-19	M
3824	41	2014-03-20	M
3825	7	2013-12-14	M
3826	34	2015-03-05	M
3827	1	2014-10-04	M
3828	44	2017-08-28	M
3830	56	2017-04-20	M
3832	45	2016-01-22	M
3833	77	2017-07-13	M
3834	54	2013-01-19	M
3835	50	2013-03-16	M
3836	68	2017-12-09	M
3837	48	2013-08-26	T
3838	3	2014-05-02	M
3839	1	2015-02-21	M
3840	76	2014-02-19	M
3841	8	2015-01-22	M
3842	1	2017-03-12	M
3843	62	2016-10-02	M
3844	67	2013-05-23	M
3845	48	2015-05-14	M
3846	61	2017-04-27	M
3847	33	2015-06-13	M
3848	20	2016-07-10	M
3849	75	2014-10-21	M
3850	8	2013-08-09	M
3851	1	2017-02-27	M
3852	20	2017-09-14	M
3854	8	2016-04-18	M
3855	33	2015-09-04	M
3856	45	2016-12-03	M
3857	54	2017-10-22	M
3858	2	2015-12-14	M
3859	53	2016-04-23	M
3860	4	2014-10-11	M
3861	2	2017-01-30	M
3862	1	2016-11-23	M
3863	15	2013-09-14	M
3864	33	2016-07-01	M
3865	50	2015-02-09	M
3866	60	2015-09-05	M
3867	1	2017-07-19	M
3868	43	2013-08-21	M
3869	72	2014-09-13	M
3870	38	2017-01-08	M
3871	26	2013-01-08	M
3872	25	2017-05-21	M
3874	51	2015-06-02	M
3875	44	2017-10-18	M
3876	69	2014-02-13	M
3877	59	2016-10-22	M
3878	23	2014-10-07	M
3880	3	2016-07-28	M
3881	21	2016-03-04	M
3882	10	2013-07-09	M
3883	72	2013-03-15	M
3884	1	2016-11-14	M
3885	51	2017-04-01	M
3886	1	2014-02-20	M
3887	62	2016-05-08	M
3888	39	2013-05-27	M
3889	16	2017-07-03	M
3890	50	2016-02-10	M
3891	1	2013-08-18	M
3892	43	2013-10-25	M
3893	42	2016-12-13	M
3894	52	2016-09-25	M
3895	27	2015-07-14	M
3896	45	2015-08-17	M
3897	13	2017-04-16	M
3898	70	2014-02-07	M
3899	22	2016-06-25	M
3901	12	2017-08-30	M
3902	1	2015-08-08	M
3903	58	2014-12-19	M
3904	18	2016-10-05	M
3905	54	2017-05-28	T
3906	52	2017-07-08	M
3907	37	2016-04-18	M
3908	13	2017-01-16	M
3909	1	2013-01-14	M
3910	10	2017-01-19	M
3911	32	2017-12-16	M
3912	2	2014-05-04	M
3913	23	2016-10-04	M
3914	33	2015-09-05	M
3915	65	2013-04-02	M
3916	8	2017-09-28	M
3917	1	2016-03-30	M
3918	53	2013-12-09	M
3919	34	2017-10-18	M
3920	74	2013-09-01	M
3921	18	2014-07-17	M
3922	68	2017-10-22	M
3923	52	2013-03-30	M
3924	70	2016-02-24	M
3925	1	2015-09-05	M
3926	72	2014-09-11	M
3927	56	2013-10-22	M
3928	24	2016-05-08	M
3930	37	2015-04-25	M
3931	28	2016-02-05	M
3932	74	2016-07-25	M
3933	61	2016-02-11	M
3934	6	2017-12-23	M
3935	23	2013-03-08	M
3936	39	2015-05-04	M
3937	76	2016-01-10	M
3938	57	2013-11-17	M
3939	70	2013-07-08	M
3940	35	2015-05-07	W
3941	7	2016-12-26	M
3942	27	2016-05-10	W
3943	71	2016-03-06	M
3944	22	2015-10-08	M
3945	50	2015-11-07	M
3946	70	2016-07-16	M
3947	76	2016-01-23	M
3948	1	2013-11-09	M
3949	54	2016-01-11	M
3950	48	2017-09-01	M
3951	22	2017-06-02	M
3952	26	2016-03-08	M
3953	1	2017-06-16	M
3954	22	2013-06-25	M
3955	64	2013-07-14	M
3956	6	2016-10-28	M
3957	33	2016-06-13	W
3958	59	2017-12-28	M
3959	1	2017-02-15	W
3960	64	2013-02-06	M
3961	52	2017-01-24	M
3962	54	2016-12-13	M
3963	9	2017-10-27	M
3964	25	2017-01-25	M
3965	31	2013-05-04	M
3966	42	2016-01-09	M
3967	54	2016-09-22	M
3968	36	2016-01-01	M
3969	39	2013-06-20	M
3970	24	2015-11-28	M
3971	75	2017-03-13	M
3972	51	2013-10-11	M
3973	20	2015-11-27	M
3974	55	2016-03-08	M
3975	20	2014-10-02	M
3976	74	2016-04-15	M
3977	7	2013-09-25	M
3978	59	2015-02-18	M
3979	37	2016-02-14	M
3980	75	2013-04-03	M
3981	23	2015-01-15	M
3982	26	2013-07-27	M
3983	67	2013-02-04	M
3984	51	2016-12-14	M
3985	1	2017-07-13	M
3986	19	2017-06-20	M
3987	25	2017-09-14	M
3988	23	2017-05-04	M
3989	19	2015-03-11	M
3990	77	2017-02-04	M
3991	1	2016-12-28	M
3992	43	2017-12-16	M
3993	54	2016-01-24	M
3994	15	2016-03-14	M
3995	12	2015-08-27	M
3996	1	2017-06-22	M
3997	62	2014-01-13	M
3998	2	2016-04-20	M
3999	35	2013-05-06	M
4000	7	2013-08-02	M
4001	54	2015-02-04	M
4003	25	2017-08-22	M
4008	27	2016-03-23	M
4009	56	2014-02-20	M
4010	30	2016-08-19	M
4013	73	2013-10-08	T
4014	56	2015-05-15	T
4026	58	2017-02-06	M
4033	57	2016-11-19	M
4034	1	2013-01-18	M
4035	1	2013-07-25	M
4047	45	2015-09-29	W
4052	36	2017-01-25	W
4055	23	2013-01-24	M
4059	34	2013-10-08	M
4066	72	2014-05-24	M
4069	38	2016-11-17	M
4071	64	2016-08-03	M
4078	40	2013-01-30	M
4079	52	2013-11-03	M
4081	11	2015-07-22	M
4082	49	2014-11-08	M
4086	66	2016-07-17	M
4088	45	2016-03-01	M
4090	72	2016-10-11	M
4091	9	2017-08-04	M
4092	74	2016-03-13	M
4093	1	2013-03-25	M
4099	54	2016-05-26	M
4102	60	2016-11-13	M
4103	38	2015-01-25	M
4105	58	2015-05-08	M
4109	54	2015-02-09	M
4116	6	2017-10-05	M
4119	77	2013-10-18	M
4121	54	2015-06-08	M
4127	50	2016-05-03	M
4128	64	2017-09-26	M
4130	70	2017-06-01	M
4131	5	2014-08-19	M
4132	36	2017-10-02	M
4134	7	2013-03-03	M
4140	28	2017-12-05	M
4143	55	2017-10-07	M
4144	1	2016-08-19	M
4150	65	2017-07-05	M
4156	42	2017-06-27	M
4158	27	2017-09-04	M
4159	74	2013-07-09	M
4161	1	2015-02-23	M
4171	28	2013-06-12	M
4173	1	2013-11-08	M
4186	1	2016-08-25	M
4190	62	2015-10-04	M
4195	67	2014-05-21	M
4204	21	2016-01-29	M
4208	1	2017-04-08	M
4214	1	2016-03-21	M
4225	55	2013-05-18	M
4237	18	2013-11-29	M
4240	50	2013-02-08	M
4245	52	2014-05-02	M
4253	43	2016-01-16	M
4254	70	2013-05-04	M
4255	70	2013-11-08	W
4258	51	2015-08-26	M
4259	66	2014-04-08	M
4260	56	2013-10-14	M
4263	5	2015-07-17	M
4264	28	2013-12-07	M
4266	54	2017-02-05	M
4268	77	2017-02-20	M
4269	26	2015-12-24	M
4273	15	2016-03-11	M
4276	43	2014-07-09	M
4283	39	2014-10-16	M
4286	43	2016-11-11	M
4287	1	2013-10-17	M
4293	64	2016-02-04	T
4296	63	2013-01-28	M
4301	1	2017-06-26	M
4309	74	2017-06-25	W
4318	33	2013-04-13	W
4320	61	2016-07-23	M
4321	47	2013-04-18	M
4328	72	2014-06-17	M
4329	1	2014-02-17	M
4330	47	2015-07-05	M
4332	74	2017-12-23	M
4336	2	2017-07-08	M
4337	29	2013-11-16	M
4342	74	2016-04-29	M
4343	31	2013-11-22	M
4346	25	2016-03-15	M
4347	1	2013-03-27	M
4349	74	2016-09-16	M
4350	63	2013-04-04	M
4352	2	2013-07-05	M
4354	38	2017-01-08	M
4355	31	2013-02-21	M
4356	47	2014-01-26	M
4358	5	2017-02-12	M
4361	69	2016-03-11	M
4368	1	2015-01-16	M
4375	39	2016-10-28	M
4377	28	2013-04-24	M
4379	44	2016-06-28	M
4383	73	2016-11-10	M
4385	23	2013-11-23	M
4386	51	2017-11-29	W
4389	77	2016-07-28	M
4405	41	2016-09-08	M
4408	71	2014-04-11	W
4413	74	2014-01-15	W
4414	24	2013-09-10	M
4415	73	2015-07-05	M
4416	14	2014-02-12	M
4418	66	2014-02-09	M
4423	39	2015-04-26	M
4424	48	2016-01-29	M
4427	32	2013-06-07	M
4434	41	2014-12-09	M
4437	40	2013-09-24	M
4438	48	2016-08-04	M
4439	30	2015-12-25	M
4442	54	2016-08-08	M
4445	47	2017-08-07	M
4447	62	2016-06-16	M
4448	60	2013-06-02	M
4454	63	2016-12-21	M
4456	14	2016-09-03	M
4458	60	2016-04-23	M
4462	73	2015-12-27	W
4463	67	2013-09-03	M
4467	17	2017-04-13	W
4470	16	2013-11-01	M
4471	4	2017-06-09	W
4473	45	2015-10-09	M
4475	72	2017-04-16	M
4476	24	2014-11-10	M
4478	70	2013-07-23	M
4480	58	2016-08-19	M
4484	54	2013-02-03	M
4488	33	2016-04-24	M
4493	61	2016-10-15	T
4503	50	2015-01-03	M
4511	33	2013-09-26	M
4514	69	2013-12-18	M
4519	8	2014-06-08	M
4526	63	2013-11-29	M
4527	9	2017-06-01	M
4533	68	2017-08-03	M
4534	63	2017-01-18	M
4537	53	2016-07-18	W
4538	70	2015-05-07	M
4543	33	2013-10-08	M
4550	56	2017-02-06	M
4576	27	2013-06-05	M
4580	9	2014-08-27	M
4585	27	2016-06-08	M
4588	12	2016-08-27	M
4589	4	2015-05-22	M
4596	74	2013-03-09	M
4616	1	2017-09-24	M
4618	3	2016-07-21	M
4626	9	2016-06-15	M
4631	77	2016-12-12	T
4650	4	2015-10-15	M
4659	56	2013-10-08	M
4660	63	2017-01-03	M
4681	70	2015-08-08	M
4715	8	2016-10-28	M
4725	73	2017-04-14	M
4727	2	2015-02-13	M
4729	66	2017-05-23	M
4743	64	2013-05-05	M
4746	54	2017-02-21	M
4753	1	2016-11-07	M
4768	39	2016-06-17	M
4774	66	2014-01-14	M
4784	46	2017-08-08	M
4794	72	2016-12-18	M
4803	26	2016-06-08	M
4825	15	2014-06-04	M
4851	52	2016-02-04	M
4852	47	2015-04-13	M
4858	67	2017-06-21	M
4863	5	2016-03-12	M
4894	14	2013-06-20	M
4907	42	2014-02-06	M
4937	12	2013-02-20	M
4948	43	2015-07-29	M
4949	33	2016-10-14	M
4969	60	2016-08-19	W
4981	54	2016-01-22	M
4994	1	2016-01-11	W
4995	20	2014-08-01	W
4999	1	2016-02-12	M
5001	53	2015-12-15	M
5011	31	2013-08-25	M
5024	70	2015-08-20	M
5033	54	2015-08-03	M
5063	43	2015-10-11	M
5065	66	2013-01-24	M
5066	13	2015-08-27	W
5072	6	2016-04-12	M
5092	74	2013-12-21	M
5118	72	2015-08-05	M
5120	1	2013-06-21	M
5125	1	2015-09-14	M
5126	58	2015-04-03	M
5129	68	2013-06-08	M
5133	68	2016-12-08	W
5164	5	2017-05-13	M
5180	54	2017-02-24	M
5181	75	2016-02-03	M
5194	1	2015-05-05	T
5196	13	2017-06-29	W
5213	1	2015-08-18	M
5215	55	2013-07-01	M
5228	77	2013-06-23	T
5250	8	2016-07-20	W
5256	72	2013-10-25	T
5263	64	2015-07-14	M
5267	4	2016-01-12	M
5269	49	2016-07-04	M
5270	44	2013-01-13	M
5283	15	2017-09-18	M
5290	34	2017-07-21	M
5305	47	2016-09-16	M
5313	40	2013-04-29	M
5317	28	2016-10-20	M
5343	64	2013-06-08	M
5357	70	2014-12-18	M
5358	4	2015-05-18	M
5362	76	2016-09-06	W
5366	70	2013-08-09	M
5369	54	2013-02-25	M
5372	48	2013-05-08	M
5385	44	2013-05-21	W
5387	1	2013-10-05	M
5395	47	2016-04-26	M
5422	66	2014-10-22	M
5423	15	2013-05-02	M
5428	24	2013-04-14	M
5429	71	2015-09-22	M
5442	34	2013-03-22	M
5445	72	2017-02-19	M
5472	1	2013-05-04	M
5477	57	2015-12-17	M
5481	52	2013-08-16	M
5483	13	2013-03-28	M
5505	1	2016-04-26	M
5541	43	2015-03-24	M
5546	43	2013-05-28	M
5572	15	2017-08-11	M
5574	13	2014-07-14	W
5591	9	2016-03-16	M
5593	15	2016-02-27	M
5602	19	2016-07-10	T
5622	70	2013-02-08	M
5628	61	2014-06-17	M
5632	5	2014-11-15	W
5648	59	2017-06-13	M
5650	10	2015-01-08	T
5661	53	2015-12-20	M
5692	66	2016-02-25	M
5698	1	2017-09-04	M
5700	42	2013-07-20	M
5708	64	2017-10-12	W
5724	14	2015-04-19	T
5726	17	2016-04-19	T
5735	52	2015-01-25	M
5740	43	2013-04-16	M
5742	74	2015-07-05	T
5758	44	2017-07-28	M
5767	72	2013-06-16	M
5774	1	2015-06-08	M
5794	70	2015-07-14	M
5817	77	2016-12-10	T
5837	5	2016-07-18	M
5868	44	2013-02-02	M
5870	75	2017-09-17	M
5878	76	2016-11-19	M
5891	54	2013-01-25	M
5912	45	2016-10-25	M
5927	15	2013-11-26	M
5944	27	2017-06-06	M
5952	50	2013-09-07	M
5984	11	2013-11-11	M
5991	1	2013-11-21	M
6030	47	2013-08-24	M
6034	6	2013-03-19	W
6040	1	2013-04-22	M
6051	56	2013-08-28	M
6061	1	2017-03-08	M
6062	24	2016-08-28	M
6064	49	2017-01-11	M
6075	19	2016-09-15	M
6083	6	2016-09-19	W
6097	29	2017-06-15	M
6118	1	2014-03-07	W
6138	54	2017-01-22	M
6148	74	2013-12-27	M
6157	34	2016-11-11	M
6158	67	2016-05-13	M
6226	74	2013-07-26	W
6265	5	2016-11-01	M
6273	38	2013-07-21	M
6281	56	2013-06-08	M
6289	64	2015-04-05	M
6306	64	2017-03-04	M
6321	1	2014-09-10	M
6353	26	2013-11-26	M
6358	3	2015-05-27	M
6363	74	2013-08-01	M
6397	48	2015-03-15	M
6400	31	2015-10-09	T
6425	31	2013-03-29	M
6434	1	2015-05-08	M
6440	1	2016-11-01	M
6453	34	2016-07-27	M
6461	50	2016-07-17	M
6463	16	2015-09-11	M
6472	61	2014-02-08	M
6473	12	2013-01-26	M
6495	6	2016-07-23	M
6505	7	2017-09-13	M
6510	74	2016-12-18	M
6511	72	2014-06-10	M
6512	34	2016-02-03	W
6555	38	2013-03-05	W
6592	1	2016-10-20	M
6602	74	2017-08-04	M
6609	16	2015-03-27	M
6636	72	2013-08-04	W
6649	1	2015-07-08	M
6678	54	2016-01-03	M
6686	61	2016-02-10	M
6688	16	2016-06-25	M
6699	35	2016-06-08	M
6701	49	2013-03-15	W
6706	38	2016-12-28	M
6715	48	2013-09-15	W
6738	62	2014-07-28	M
6792	1	2016-05-11	M
6806	1	2013-11-26	M
6856	43	2015-08-19	M
6866	14	2017-10-02	M
6872	15	2015-09-02	M
6897	48	2013-04-23	M
6902	60	2016-10-22	M
6910	76	2015-04-04	M
6922	3	2017-05-12	W
6924	74	2014-06-01	M
6927	74	2015-12-08	W
6930	41	2013-09-08	M
6950	36	2016-10-12	M
6985	38	2015-07-27	M
7011	75	2013-10-08	M
7033	75	2016-07-03	M
7045	51	2016-12-26	M
7049	69	2017-10-12	M
7052	55	2017-07-17	T
7082	57	2016-09-06	M
7099	1	2016-08-20	M
7101	54	2016-07-06	M
7123	64	2013-04-14	T
7133	1	2013-09-17	M
7136	12	2015-04-09	W
7156	71	2017-09-11	M
7176	1	2016-12-07	M
7180	7	2017-06-12	W
7181	77	2016-07-02	T
7184	5	2015-06-19	M
7190	49	2013-09-06	M
7203	71	2013-03-26	M
7231	10	2013-03-14	M
7240	17	2016-04-23	M
7262	70	2016-08-30	M
7274	11	2017-09-28	M
7401	1	2013-02-26	M
7418	21	2015-04-07	M
7424	68	2016-07-28	M
7437	19	2017-08-08	W
7445	64	2013-03-18	M
7449	1	2013-11-24	M
7454	4	2013-04-19	M
7465	1	2016-12-19	W
7485	39	2013-07-28	M
7487	4	2015-10-01	M
7520	9	2016-03-29	M
7523	63	2014-08-29	M
7542	54	2016-05-16	M
7546	43	2014-09-03	M
7559	56	2017-05-24	M
7562	72	2015-01-17	W
7565	59	2016-04-02	M
7594	16	2016-02-16	M
7606	21	2015-03-15	M
7607	1	2013-09-05	M
7614	62	2015-02-08	M
7618	72	2015-06-13	W
7632	68	2016-09-22	M
7636	40	2016-10-08	M
7637	46	2016-08-19	M
7674	1	2016-07-21	M
7713	50	2016-05-25	W
7721	13	2017-07-03	M
7733	19	2016-07-08	W
7745	2	2016-11-29	M
7753	74	2013-02-08	M
7765	52	2014-07-10	W
7769	23	2013-10-03	M
7774	74	2013-09-14	T
7795	64	2015-01-05	M
7815	19	2015-04-09	W
7819	38	2013-08-01	M
7824	60	2014-05-17	M
7828	36	2016-01-05	M
7844	1	2013-11-26	M
7857	75	2013-08-04	M
7859	52	2015-03-14	M
7861	34	2015-04-22	M
7890	23	2016-03-26	M
7894	27	2016-04-09	M
7907	70	2016-07-27	M
7926	69	2016-06-09	W
7944	59	2013-12-27	M
7957	51	2015-09-07	M
7965	55	2013-11-08	M
7966	54	2016-12-27	M
7990	9	2016-08-30	M
7997	10	2016-04-25	M
8026	36	2017-03-23	M
8027	44	2013-07-07	W
8038	47	2016-08-17	M
8039	9	2015-12-17	M
8041	1	2013-10-10	M
8051	1	2013-02-07	W
8073	24	2013-09-03	T
8085	73	2016-04-08	M
8092	54	2015-01-11	M
8094	67	2016-11-24	M
8114	59	2015-10-14	M
8127	37	2014-10-13	M
8129	45	2013-06-26	M
8132	5	2013-04-17	W
8149	64	2017-05-14	T
8153	9	2017-07-02	M
8158	48	2016-06-16	W
8159	26	2015-02-08	M
8169	29	2015-11-28	M
8173	11	2013-07-05	M
8212	52	2013-08-21	T
8225	50	2016-12-07	M
8260	31	2013-03-24	M
8261	13	2013-05-12	M
8268	59	2016-09-19	M
8316	70	2014-06-04	M
8320	51	2017-01-19	M
8321	77	2013-04-12	M
8327	1	2015-08-08	W
8330	48	2013-03-28	M
8341	64	2016-12-27	M
8377	29	2013-11-20	M
8381	14	2016-09-17	M
8405	20	2014-05-10	M
8411	20	2014-12-02	M
8475	4	2013-09-08	M
8489	19	2013-09-18	M
8492	2	2014-06-29	M
8505	70	2017-03-20	M
8519	23	2013-04-02	M
8523	54	2016-11-25	M
8533	47	2015-10-10	M
8547	14	2015-07-17	W
8558	1	2014-02-27	T
8564	68	2013-09-12	M
8566	74	2013-10-08	M
8625	64	2013-11-10	M
8628	2	2016-10-15	T
8639	46	2017-08-22	M
8645	60	2017-06-23	M
8680	17	2016-02-12	M
8688	66	2016-11-22	M
8713	53	2017-05-18	M
8742	70	2017-01-28	M
8759	1	2013-09-18	M
8772	1	2016-05-16	M
8776	64	2014-08-24	M
8784	1	2016-10-16	M
8856	15	2014-12-18	M
8896	28	2016-05-02	T
8899	1	2014-09-05	W
8919	62	2017-07-03	M
8926	1	2017-03-21	M
8931	63	2016-01-01	W
8934	51	2013-06-06	M
8957	1	2013-11-13	M
8972	70	2016-05-21	M
8982	64	2013-09-25	M
8998	61	2015-05-24	M
9006	40	2014-09-02	W
9017	70	2015-11-22	M
9024	1	2016-01-05	M
9030	72	2015-01-21	M
9031	47	2017-01-15	M
9034	1	2013-06-28	M
9037	1	2016-10-22	M
9041	1	2013-08-03	M
9051	5	2016-01-17	W
9052	43	2015-08-30	T
9093	47	2013-06-16	M
9104	10	2014-01-21	M
9138	26	2016-07-18	M
9140	32	2017-08-18	M
9153	9	2016-12-12	M
9156	18	2017-09-14	M
9159	64	2016-08-02	M
9167	56	2017-04-02	M
9179	28	2017-01-21	M
9188	45	2013-02-08	M
9192	1	2014-08-16	M
9199	72	2016-05-15	M
9201	69	2016-10-28	M
9203	70	2013-02-27	M
9208	29	2017-05-24	M
9225	11	2016-01-01	M
9227	51	2017-11-04	M
9235	37	2015-06-24	M
9236	11	2013-08-18	M
9241	74	2016-09-25	M
9242	57	2016-03-15	M
9263	68	2016-06-04	M
9265	1	2013-02-04	M
9307	68	2013-01-24	M
9333	36	2016-11-08	M
9337	30	2013-09-13	M
9353	59	2015-11-03	M
9377	1	2015-09-17	M
9403	1	2013-03-27	W
9422	70	2016-03-06	M
9424	54	2016-12-30	M
9433	59	2017-08-14	M
9455	73	2016-11-03	M
9472	1	2013-07-06	W
9484	5	2017-04-26	M
9491	7	2016-08-08	W
9493	64	2015-04-02	M
9494	21	2016-05-10	M
9504	9	2016-01-29	M
9510	1	2016-06-09	M
9513	59	2016-05-12	M
9528	19	2016-11-07	M
9548	62	2016-06-07	M
9549	4	2017-01-17	M
9560	1	2017-07-13	M
9583	31	2014-05-22	W
9591	74	2013-05-20	M
9627	65	2014-07-22	T
9631	11	2016-06-25	M
9633	70	2016-01-08	M
9635	70	2013-01-05	M
9640	1	2013-03-13	M
9645	38	2016-01-23	M
9646	1	2016-07-30	W
9656	61	2013-11-14	M
9673	76	2017-06-07	M
9677	8	2016-10-13	M
9703	68	2013-07-15	M
9707	70	2013-04-24	M
9730	54	2017-01-01	M
9731	54	2014-12-01	T
9750	74	2014-05-16	M
9790	52	2015-11-09	M
9814	64	2015-01-19	W
9826	68	2016-08-23	M
9828	11	2013-05-20	M
9833	20	2013-07-24	M
9859	27	2016-07-08	M
9869	12	2013-08-21	M
9883	1	2013-03-19	M
9897	1	2015-03-04	M
9928	60	2015-11-09	M
10001	24	2015-05-28	M
10005	64	2017-11-29	M
10018	8	2015-07-23	M
10019	8	2015-06-15	M
10022	1	2017-05-07	M
10036	1	2013-09-13	M
10049	17	2016-03-28	M
10063	4	2016-10-13	W
10065	76	2016-03-30	M
10068	1	2017-04-02	M
10079	62	2013-05-06	M
10093	1	2014-07-01	W
10105	55	2013-04-28	M
10131	1	2013-11-27	M
10134	22	2017-04-26	M
10148	34	2017-01-13	M
10152	34	2017-09-28	M
10202	70	2016-07-08	M
10215	38	2016-04-12	M
10220	44	2016-08-26	M
10227	62	2013-09-27	T
10233	27	2016-02-21	M
10243	44	2017-09-03	M
10257	27	2017-05-01	M
10266	54	2013-06-10	M
10280	69	2016-12-01	M
10297	14	2016-01-19	M
10320	68	2013-07-11	M
10343	8	2017-05-22	M
10345	36	2016-04-07	M
10351	23	2015-05-04	M
10361	21	2016-06-21	M
10364	55	2013-01-17	M
10365	22	2015-09-02	M
10404	1	2016-12-30	M
10411	39	2015-11-23	T
10436	60	2016-03-21	M
10439	66	2013-11-21	M
10440	72	2013-09-13	M
10445	72	2016-05-29	M
10451	1	2013-08-29	M
10478	70	2016-02-24	W
10493	12	2017-01-09	M
10520	55	2015-10-24	T
10558	40	2016-02-01	M
10562	51	2016-08-21	M
10607	52	2016-10-08	M
10613	55	2017-11-04	M
10630	41	2015-01-15	M
10644	16	2017-07-12	M
10645	2	2016-12-21	M
10650	76	2017-09-09	M
10652	1	2017-03-18	M
10656	8	2013-05-05	M
10663	11	2013-12-08	M
10670	60	2013-11-18	M
10679	1	2017-05-30	M
10694	73	2016-05-15	W
10710	19	2015-10-30	M
10711	36	2016-07-08	M
10728	71	2014-12-23	M
10738	45	2013-04-17	W
10762	1	2015-10-23	M
10774	46	2017-07-05	M
10788	67	2013-11-22	W
10789	75	2016-09-18	M
10799	76	2017-08-19	M
10807	34	2016-03-13	M
10812	16	2017-04-08	M
10857	50	2016-10-02	M
10884	65	2015-02-20	M
10904	48	2013-11-26	M
10905	32	2016-11-21	M
10906	76	2013-11-14	M
10911	1	2013-05-29	W
10915	25	2017-02-15	W
10940	50	2013-09-13	M
10942	44	2014-06-05	W
10954	25	2016-07-29	M
10963	16	2015-05-20	M
10973	18	2013-04-20	W
11013	1	2013-02-14	W
11021	1	2013-08-10	M
11027	32	2016-07-26	W
11042	72	2015-01-29	M
11053	46	2017-05-27	M
11054	59	2016-02-01	W
11065	11	2013-03-19	M
11069	37	2015-06-02	M
11079	16	2015-11-10	M
11096	28	2016-12-10	M
11111	1	2013-05-20	M
11123	39	2016-07-21	M
11135	75	2013-10-10	M
11138	70	2015-08-18	W
11141	1	2017-02-11	W
11186	12	2014-11-24	M
11231	1	2017-02-05	M
11244	33	2017-01-12	M
11265	15	2013-01-14	M
11271	5	2015-09-20	M
11295	74	2013-01-21	M
11317	50	2017-07-11	M
11320	44	2013-05-26	M
11325	62	2016-10-15	M
11327	7	2017-10-15	M
11328	54	2016-11-05	M
11333	8	2014-05-26	M
11349	1	2015-05-26	W
11359	61	2014-10-01	M
11362	67	2015-10-14	M
11382	74	2015-08-20	M
